Area name,Aged 4 years and under,Aged 5 to 9 years,Aged 10 to 14 years,Aged 15 to 19 years,Aged 20 to 24 years,Aged 25 to 29 years,Aged 30 to 34 years,Aged 35 to 39 years,Aged 40 to 44 years,Aged 45 to 49 years,Aged 50 to 54 years,Aged 55 to 59 years,Aged 60 to 64 years,Aged 65 to 69 years,Aged 70 to 74 years,Aged 75 to 79 years,Aged 80 to 84 years,Aged 85 years and over,Aged 90 years and over,Con,Lab,LibDem,Green,Other,Vacant,Majority
Adur,0.049612403,0.060465116,0.058914729,0.049612403,0.041860465,0.049612403,0.057364341,0.060465116,0.063565891,0.069767442,0.072868217,0.069767442,0.062015504,0.055813953,0.062015504,0.048062016,0.035658915,0.021705426,0.034108527,0.551724138,0.310344828,0,0.068965517,0.068965517,0,CON
Amber Valley,0.048335975,0.053090333,0.056259905,0.047543582,0.047543582,0.057052298,0.059429477,0.057052298,0.057052298,0.066561014,0.07844691,0.077654517,0.066561014,0.059429477,0.064976228,0.046751189,0.029318542,0.016640254,0.02614897,0.555555556,0.2,0,0.066666667,0.177777778,0,CON
Arun,0.044296117,0.049757282,0.050364078,0.046116505,0.044902913,0.050970874,0.056432039,0.05461165,0.052791262,0.057038835,0.069174757,0.072208738,0.066747573,0.064927184,0.076456311,0.058859223,0.041262136,0.026092233,0.043082524,0.425925926,0.018518519,0.314814815,0.055555556,0.185185185,0,NOC
Ashfield,0.053840063,0.060965954,0.060174188,0.051464766,0.050673001,0.062549485,0.068091845,0.063341251,0.059382423,0.064133017,0.075217736,0.072842439,0.060965954,0.052256532,0.053048298,0.041963579,0.026920032,0.014251781,0.022169438,0.085714286,0.057142857,0,0,0.857142857,0,IND
Ashford,0.057272042,0.062547099,0.064807837,0.055011304,0.048982668,0.06028636,0.066314996,0.062547099,0.061793519,0.064054258,0.07535795,0.070082894,0.056518463,0.050489827,0.054257724,0.040693293,0.026375283,0.01582517,0.024114544,0.489361702,0.127659574,0,0.085106383,0.29787234,0,NOC
Babergh,0.043336945,0.05092091,0.056338028,0.052004334,0.043336945,0.046587216,0.052004334,0.05092091,0.055254605,0.06283857,0.07475623,0.078006501,0.068255688,0.063921993,0.073672806,0.055254605,0.036836403,0.021668472,0.034669556,0.3125,0.03125,0.09375,0.125,0.4375,0,NOC
Barking and Dagenham,0.078574692,0.083599817,0.083142988,0.06898127,0.060301508,0.0694381,0.082686158,0.084970306,0.078117862,0.068067611,0.063042485,0.051621745,0.039287346,0.026952947,0.021927821,0.014618547,0.01187757,0.006852444,0.01142074,0,0.960784314,0,0,0.019607843,0.019607843,LAB
Barnet,0.061905985,0.064731569,0.066272797,0.055227331,0.057539173,0.071923966,0.077575135,0.079116363,0.077318264,0.07063961,0.065759055,0.058823529,0.04906242,0.039558181,0.036989468,0.026971487,0.019008477,0.013100437,0.02157719,0.349206349,0.634920635,0,0,0.015873016,0,LAB
Barnsley,0.05519215,0.058871627,0.058871627,0.050286182,0.050695012,0.06582175,0.068683565,0.064186427,0.056418643,0.062551104,0.076451349,0.073589534,0.063777596,0.05478332,0.053556827,0.039247751,0.025347506,0.014717907,0.02207686,0.047619048,0.714285714,0.142857143,0,0.079365079,0.015873016,LAB
Basildon,0.065031983,0.06663113,0.063965885,0.054371002,0.051705757,0.065565032,0.074626866,0.069829424,0.064498934,0.063432836,0.069296375,0.065565032,0.055970149,0.044776119,0.046908316,0.032515991,0.023454158,0.014925373,0.02238806,0.595238095,0.238095238,0,0,0.166666667,0,CON
Basingstoke and Deane,0.057235421,0.062634989,0.060475162,0.049136069,0.049676026,0.06425486,0.073974082,0.071274298,0.068574514,0.069654428,0.073974082,0.070194384,0.056155508,0.045896328,0.048056156,0.034557235,0.023218143,0.01349892,0.021058315,0.481481481,0.166666667,0.12962963,0.018518519,0.203703704,0,NOC
Bassetlaw,0.050933786,0.056027165,0.056027165,0.049235993,0.048387097,0.058573854,0.061120543,0.057724958,0.056027165,0.063667233,0.075551783,0.078098472,0.066213922,0.057724958,0.06196944,0.045840407,0.029711375,0.016977929,0.026315789,0.125,0.708333333,0.041666667,0,0.125,0,LAB
Bath and North East Somerset,0.046535677,0.051706308,0.054808687,0.076525336,0.096173733,0.059462254,0.060496381,0.056359876,0.055842813,0.060496381,0.065667011,0.066184074,0.055842813,0.04860393,0.050672182,0.038262668,0.027404343,0.017580145,0.028438469,0.169491525,0.084745763,0.610169492,0.016949153,0.118644068,0,LD
Bedford,0.060442526,0.063140853,0.064759849,0.055585537,0.053966541,0.064220183,0.073394495,0.071775499,0.070156503,0.066378845,0.070156503,0.064759849,0.053966541,0.045331894,0.045331894,0.031840259,0.022665947,0.014570966,0.023205613,0.3,0.275,0.325,0.05,0.025,0.025,NOC
Bexley,0.060851927,0.065720081,0.06653144,0.057200811,0.054766734,0.060446247,0.069371197,0.071805274,0.069371197,0.064908722,0.070182556,0.067342799,0.055172414,0.043407708,0.042596349,0.031643002,0.024340771,0.015415822,0.024340771,0.711111111,0.266666667,0,0,0.022222222,0,CON
Birmingham,0.065507905,0.071010569,0.072582758,0.075465106,0.081404489,0.072146039,0.074067604,0.070399161,0.064634466,0.059393834,0.061053367,0.054764608,0.045942877,0.03720849,0.032579265,0.024543628,0.018342213,0.011878767,0.018778933,0.217821782,0.643564356,0.118811881,0.01980198,0,0,LAB
Blaby,0.055393586,0.060252672,0.059280855,0.051506317,0.04664723,0.059280855,0.067055394,0.066083576,0.062196307,0.064139942,0.07191448,0.068999028,0.06122449,0.052478134,0.056365403,0.040816327,0.029154519,0.017492711,0.026239067,0.538461538,0.153846154,0.153846154,0.025641026,0.076923077,0.051282051,CON
Blackburn with Darwen,0.065245478,0.072351421,0.075581395,0.070413437,0.061369509,0.065245478,0.068475452,0.069767442,0.064599483,0.063953488,0.066537468,0.060723514,0.051679587,0.043281654,0.04005168,0.026485788,0.01873385,0.010981912,0.016795866,0.254901961,0.725490196,0.019607843,0,0,0,LAB
Blackpool,0.052445074,0.055988661,0.055988661,0.052445074,0.052445074,0.060949681,0.067328136,0.060240964,0.054571226,0.060949681,0.074415308,0.077958894,0.066619419,0.054571226,0.055988661,0.041105599,0.029766123,0.017009213,0.026222537,0.30952381,0.476190476,0,0,0.214285714,0,NOC
Bolsover,0.051058531,0.056039851,0.056039851,0.04856787,0.052303861,0.066002491,0.067247821,0.062266501,0.054794521,0.064757161,0.079701121,0.074719801,0.066002491,0.054794521,0.054794521,0.04358655,0.02615193,0.01494396,0.02241594,0.081081081,0.513513514,0,0,0.378378378,0.027027027,LAB
Bolton,0.0625,0.068918919,0.07027027,0.061824324,0.056081081,0.060135135,0.067567568,0.06722973,0.0625,0.063513514,0.067905405,0.064864865,0.05472973,0.046959459,0.047972973,0.034121622,0.022972973,0.012837838,0.019594595,0.416666667,0.316666667,0.083333333,0,0.183333333,0,NOC
Boston,0.05106383,0.059574468,0.060992908,0.053900709,0.05106383,0.060992908,0.068085106,0.066666667,0.059574468,0.065248227,0.068085106,0.069503546,0.060992908,0.053900709,0.053900709,0.041134752,0.028368794,0.017021277,0.026950355,0.433333333,0.066666667,0,0,0.466666667,0.033333333,NOC
"Bournemouth, Christchurch and Poole",0.047214589,0.05296028,0.053210092,0.055708219,0.067449413,0.059455408,0.065450912,0.065450912,0.063452411,0.061703722,0.0671996,0.06620035,0.058456158,0.051961029,0.056457657,0.042717962,0.030726955,0.020484637,0.033974519,0.434210526,0.039473684,0.171052632,0.026315789,0.315789474,0.013157895,NOC
Bracknell Forest,0.056982343,0.063402889,0.065008026,0.056982343,0.051364366,0.065810594,0.074638844,0.075441413,0.073836276,0.070626003,0.07223114,0.06741573,0.055377207,0.044141252,0.040128411,0.028089888,0.019261637,0.012038523,0.018459069,0.880952381,0.095238095,0.023809524,0,0,0,CON
Bradford,0.066068814,0.072474378,0.075768668,0.069180088,0.060578331,0.063140556,0.06954612,0.069912152,0.06533675,0.061859444,0.062774524,0.058931186,0.052708638,0.044106881,0.040995608,0.026354319,0.020314788,0.012994143,0.020131772,0.222222222,0.577777778,0.066666667,0.066666667,0.066666667,0,LAB
Braintree,0.054768041,0.057989691,0.06056701,0.052835052,0.048324742,0.059278351,0.06378866,0.0625,0.06121134,0.067654639,0.076675258,0.071520619,0.05992268,0.054123711,0.057989691,0.040592784,0.027061856,0.015463918,0.024484536,0.673469388,0.06122449,0,0.12244898,0.12244898,0.020408163,CON
Breckland,0.048056537,0.054416961,0.054416961,0.047349823,0.047349823,0.057243816,0.060070671,0.055123675,0.054416961,0.060777385,0.071378092,0.074204947,0.065724382,0.062190813,0.068551237,0.051590106,0.034628975,0.021201413,0.033215548,0.714285714,0.142857143,0,0.040816327,0.081632653,0.020408163,CON
Brent,0.058858152,0.05826957,0.061506769,0.060623896,0.072395527,0.086227192,0.087698646,0.08151854,0.074749853,0.067981165,0.067098293,0.058563861,0.048263685,0.036197763,0.028251913,0.020600353,0.016185992,0.009711595,0.015008829,0.087719298,0.859649123,0.052631579,0,0,0,LAB
Brentwood,0.055844156,0.05974026,0.058441558,0.050649351,0.046753247,0.061038961,0.067532468,0.064935065,0.064935065,0.064935065,0.072727273,0.072727273,0.058441558,0.049350649,0.051948052,0.037662338,0.028571429,0.020779221,0.033766234,0.513513514,0.054054054,0.378378378,0,0.027027027,0.027027027,CON
Brighton and Hove,0.042207792,0.046897547,0.051226551,0.064213564,0.101010101,0.075757576,0.073953824,0.06998557,0.06962482,0.073593074,0.075396825,0.066378066,0.049062049,0.039321789,0.037157287,0.025613276,0.018759019,0.012265512,0.02020202,0.185185185,0.296296296,0,0.37037037,0.12962963,0.018518519,NOC
Bristol,0.054826418,0.056731583,0.054191363,0.062658764,0.100550381,0.093988146,0.092929721,0.080016935,0.066045724,0.057366638,0.055884843,0.052921253,0.043395428,0.035774767,0.033869602,0.023920406,0.017358171,0.011007621,0.017781541,0.2,0.342857143,0.071428571,0.357142857,0.028571429,0,NOC
Broadland,0.044798785,0.051632498,0.054669704,0.047835991,0.041761579,0.049354594,0.054669704,0.056188307,0.05770691,0.065299924,0.075170843,0.075930144,0.066818527,0.062262718,0.069855733,0.0523918,0.037965072,0.023538345,0.036446469,0.595744681,0.042553191,0.255319149,0.042553191,0.021276596,0.042553191,CON
Bromley,0.059090909,0.062424242,0.063333333,0.052121212,0.044545455,0.055454545,0.067878788,0.075151515,0.076060606,0.071818182,0.072424242,0.067878788,0.055454545,0.043939394,0.046666667,0.033939394,0.024848485,0.016969697,0.027272727,0.603448276,0.206896552,0.086206897,0,0.103448276,0,CON
Bromsgrove,0.052419355,0.057459677,0.061491935,0.053427419,0.043346774,0.048387097,0.055443548,0.058467742,0.060483871,0.066532258,0.075604839,0.074596774,0.063508065,0.057459677,0.058467742,0.047379032,0.032258065,0.021169355,0.034274194,0.580645161,0.096774194,0.096774194,0,0.225806452,0,CON
Broxbourne,0.060606061,0.062626263,0.063636364,0.055555556,0.052525253,0.061616162,0.070707071,0.071717172,0.067676768,0.064646465,0.072727273,0.068686869,0.055555556,0.043434343,0.045454545,0.034343434,0.025252525,0.016161616,0.025252525,0.866666667,0.1,0,0,0,0.033333333,CON
Broxtowe,0.047790803,0.055004509,0.054102795,0.051397656,0.056807935,0.064021641,0.067628494,0.063119928,0.058611362,0.061316501,0.070333634,0.071235347,0.061316501,0.054102795,0.060414788,0.04418395,0.030658251,0.018935978,0.028854824,0.431818182,0.318181818,0.159090909,0,0.090909091,0,NOC
Buckinghamshire,0.055866932,0.063641295,0.066534081,0.055686133,0.046284578,0.054601338,0.061833303,0.065810884,0.069065268,0.069607666,0.073585247,0.071054059,0.059121316,0.048454167,0.048996565,0.036883023,0.026577472,0.016814319,0.026577472,0.761904762,0.040816327,0.108843537,0.006802721,0.081632653,0,CON
Burnley,0.06124604,0.065469905,0.066525871,0.058078141,0.054910243,0.064413939,0.071805702,0.066525871,0.060190074,0.060190074,0.066525871,0.066525871,0.059134108,0.049630412,0.050686378,0.034846885,0.02217529,0.012671595,0.020063358,0.133333333,0.422222222,0.177777778,0.133333333,0.111111111,0.022222222,NOC
Bury,0.057791538,0.064499484,0.066047472,0.057791538,0.049535604,0.059339525,0.069659443,0.069143447,0.062435501,0.064499484,0.069143447,0.069659443,0.058307534,0.048503612,0.051599587,0.036119711,0.024767802,0.014447884,0.021671827,0.235294118,0.549019608,0.019607843,0,0.196078431,0,LAB
Calderdale,0.054695063,0.06195547,0.064375605,0.056147144,0.048886738,0.058083253,0.062439497,0.062923524,0.060987415,0.066795741,0.076476283,0.073088093,0.062439497,0.052758955,0.053727009,0.037270087,0.024201355,0.014036786,0.022265247,0.294117647,0.549019608,0.117647059,0.019607843,0.019607843,0,LAB
Cambridge,0.043239533,0.0459849,0.045298559,0.078929307,0.140013727,0.111873713,0.092656143,0.072065889,0.062457104,0.054907344,0.05353466,0.047357584,0.036376115,0.031571723,0.028140014,0.021276596,0.015785861,0.010295127,0.017158545,0,0.666666667,0.214285714,0.071428571,0.023809524,0.023809524,LAB
Cambridgeshire,0.050839965,0.057029178,0.05717654,0.056734453,0.064692013,0.068081344,0.070439139,0.067344533,0.0651341,0.065576186,0.068818155,0.066165635,0.055702918,0.048776894,0.050397878,0.037282641,0.025493663,0.01532567,0.024462128,0.442622951,0.147540984,0.360655738,0,0.049180328,0,NOC
Camden,0.047596383,0.047120419,0.049500238,0.065683008,0.096144693,0.104712042,0.097572584,0.078534031,0.069014755,0.063779153,0.063303189,0.056163732,0.043312708,0.033793432,0.030937649,0.022846264,0.015706806,0.009043313,0.014754879,0.054545455,0.836363636,0.090909091,0.018181818,0,0,LAB
Cannock Chase,0.055721393,0.056716418,0.056716418,0.050746269,0.051741294,0.066666667,0.070646766,0.063681592,0.055721393,0.063681592,0.07761194,0.074626866,0.060696517,0.052736318,0.052736318,0.039800995,0.026865672,0.013930348,0.021890547,0.56097561,0.243902439,0.048780488,0.048780488,0.097560976,0,CON
Canterbury,0.043202033,0.048919949,0.053367217,0.080050826,0.100381194,0.055273189,0.053367217,0.052731893,0.052096569,0.057179161,0.062897078,0.06480305,0.057814485,0.054002541,0.059720457,0.043837357,0.029860229,0.017789072,0.029860229,0.487179487,0.230769231,0.153846154,0.025641026,0.076923077,0.025641026,NOC
Castle Point,0.047991071,0.053571429,0.056919643,0.051339286,0.050223214,0.053571429,0.055803571,0.055803571,0.0546875,0.060267857,0.071428571,0.071428571,0.063616071,0.059151786,0.071428571,0.053571429,0.036830357,0.021205357,0.03125,0.365853659,0,0,0,0.634146341,0,IND
Central Bedfordshire,0.060503059,0.062882393,0.060842964,0.050305914,0.047586676,0.061182869,0.072059823,0.070700204,0.066281441,0.065941536,0.071719918,0.071380014,0.059483345,0.048946295,0.04996601,0.036029912,0.023453433,0.013936098,0.021414004,0.661016949,0.016949153,0.050847458,0,0.254237288,0.016949153,CON
Charnwood,0.050027189,0.053833605,0.053833605,0.074497009,0.08754758,0.059815117,0.064165307,0.06307776,0.058183796,0.059815117,0.066884176,0.063621533,0.057096248,0.050570962,0.050570962,0.037520392,0.025013594,0.01576944,0.024469821,0.711538462,0.230769231,0,0.019230769,0.038461538,0,CON
Chelmsford,0.054545455,0.059504132,0.060606061,0.05399449,0.050137741,0.063360882,0.067768595,0.067768595,0.066666667,0.068319559,0.07107438,0.066666667,0.056198347,0.048484848,0.053443526,0.038567493,0.026997245,0.01707989,0.026997245,0.368421053,0,0.50877193,0,0.087719298,0.035087719,LD
Cheltenham,0.0496633,0.053872054,0.058080808,0.056397306,0.066498316,0.068181818,0.06986532,0.069023569,0.063973064,0.062289562,0.066498316,0.067340067,0.055555556,0.047138047,0.048821549,0.037037037,0.027777778,0.019360269,0.031144781,0.125,0,0.75,0.05,0.075,0,LD
Cherwell,0.058385093,0.058385093,0.060869565,0.051552795,0.049068323,0.066459627,0.075776398,0.073913043,0.067701863,0.065838509,0.071428571,0.069565217,0.056521739,0.046583851,0.047204969,0.033540373,0.023602484,0.014906832,0.023602484,0.520833333,0.1875,0.145833333,0.041666667,0.104166667,0,CON
Cheshire East,0.049899699,0.055416249,0.057422267,0.049398195,0.044132397,0.05441324,0.060932798,0.061434303,0.059929789,0.066198596,0.075977934,0.076479438,0.064192578,0.055917753,0.061183551,0.045135406,0.031344032,0.019057172,0.030090271,0.353658537,0.292682927,0.048780488,0,0.268292683,0.036585366,NOC
Cheshire West and Chester,0.049272116,0.055431131,0.056830907,0.052351624,0.055151176,0.059630459,0.062989922,0.062709966,0.058510638,0.064109742,0.072788354,0.074468085,0.063549832,0.055431131,0.057670773,0.041993281,0.029955207,0.017357223,0.02743561,0.4,0.471428571,0.028571429,0.014285714,0.085714286,0,NOC
Chesterfield,0.049227799,0.054054054,0.055984556,0.047297297,0.051158301,0.063706564,0.062741313,0.058880309,0.057915058,0.064671815,0.074324324,0.076254826,0.066602317,0.057915058,0.057915058,0.043436293,0.028957529,0.017374517,0.027027027,0,0.604166667,0.354166667,0,0.041666667,0,LAB
Chichester,0.042707494,0.049153908,0.053182917,0.052377115,0.052377115,0.04995971,0.051571313,0.051571313,0.052377115,0.058017728,0.068493151,0.075745367,0.070910556,0.064464142,0.070910556,0.055600322,0.039484287,0.024979855,0.04109589,0.472222222,0.027777778,0.305555556,0.055555556,0.138888889,0,NOC
Chorley,0.051782683,0.05942275,0.05942275,0.05008489,0.044991511,0.056027165,0.065365025,0.066213922,0.062818336,0.067911715,0.076400679,0.07385399,0.06196944,0.054329372,0.05942275,0.042444822,0.027164686,0.014431239,0.022071307,0.238095238,0.738095238,0,0,0.023809524,0,LAB
Colchester,0.056045667,0.06123508,0.060197198,0.058640374,0.072132849,0.065386611,0.070057084,0.066943435,0.065386611,0.064348729,0.067462377,0.062272963,0.051894136,0.044628957,0.050337312,0.035806954,0.023871303,0.014530358,0.023352361,0.37254902,0.294117647,0.294117647,0.039215686,0,0,NOC
Cornwall,0.044713309,0.053129932,0.054708048,0.051376469,0.050149044,0.049973698,0.055234087,0.054182009,0.054883395,0.061020516,0.071365948,0.075574259,0.071015255,0.06557952,0.070839909,0.051551815,0.032965106,0.019989479,0.031913028,0.528735632,0.057471264,0.149425287,0.011494253,0.252873563,0,CON
Cotswold,0.044052863,0.050660793,0.055066079,0.04845815,0.044052863,0.044052863,0.050660793,0.053964758,0.056167401,0.064977974,0.075991189,0.081497797,0.071585903,0.066079295,0.06938326,0.052863436,0.036343612,0.023127753,0.036343612,0.411764706,0,0.529411765,0.029411765,0.029411765,0,LD
Coventry,0.059079062,0.063712714,0.064002317,0.073559224,0.091514625,0.070952795,0.073848827,0.069794382,0.063133507,0.058789458,0.061975094,0.056762236,0.047205329,0.038806835,0.036779612,0.028960324,0.021141037,0.012742543,0.020272227,0.277777778,0.666666667,0,0.018518519,0.037037037,0,LAB
Crawley,0.064135021,0.06835443,0.065822785,0.054852321,0.055696203,0.07257384,0.084388186,0.082700422,0.075949367,0.065822785,0.064978903,0.059915612,0.051476793,0.038818565,0.035443038,0.02278481,0.016033755,0.011814346,0.019409283,0.444444444,0.527777778,0,0,0,0.027777778,NOC
Croydon,0.064483112,0.063971341,0.064994882,0.057062436,0.055271238,0.070368475,0.080859775,0.079836233,0.073183214,0.066530194,0.069344933,0.066018424,0.051944729,0.039150461,0.03531218,0.02482088,0.018423746,0.011770727,0.018167861,0.471428571,0.485714286,0.014285714,0.028571429,0,0,NOC
Dacorum,0.061895551,0.063829787,0.064474533,0.051579626,0.045776918,0.058671825,0.07027724,0.071566731,0.070921986,0.06898775,0.069632495,0.06898775,0.058671825,0.047066409,0.045132173,0.032237266,0.023855577,0.016118633,0.025789813,0.607843137,0,0.37254902,0,0.019607843,0,CON
Darlington,0.051020408,0.058441558,0.06122449,0.05380334,0.050092764,0.059369202,0.064935065,0.06122449,0.06122449,0.064007421,0.072356215,0.073283859,0.064935065,0.055658627,0.055658627,0.038961039,0.028756957,0.016697588,0.025974026,0.48,0.32,0.06,0.04,0.1,0,NOC
Dartford,0.071061644,0.071061644,0.068493151,0.053082192,0.047945205,0.067636986,0.084760274,0.082191781,0.075342466,0.066780822,0.065924658,0.060787671,0.047945205,0.036815068,0.035958904,0.025684932,0.019691781,0.011986301,0.018835616,0.69047619,0.166666667,0,0,0.142857143,0,CON
Derby,0.058148432,0.064651875,0.06503443,0.062739097,0.071155318,0.070390207,0.070007651,0.069625096,0.063121653,0.062739097,0.065799541,0.061973986,0.050879878,0.043228768,0.042463657,0.030986993,0.023718439,0.014919663,0.023335884,0.333333333,0.31372549,0.137254902,0,0.176470588,0.039215686,NOC
Derbyshire,0.048200352,0.054241128,0.056254719,0.049207148,0.047822804,0.058394161,0.060785301,0.058268311,0.057009816,0.065441732,0.078278379,0.077774981,0.067203624,0.058771709,0.061162849,0.045557513,0.02919708,0.01711553,0.026302542,0.65625,0.234375,0.0625,0.015625,0.03125,0,CON
Derbyshire Dales,0.036363636,0.046153846,0.053146853,0.048951049,0.039160839,0.041958042,0.043356643,0.044755245,0.051748252,0.065734266,0.082517483,0.088111888,0.07972028,0.071328671,0.076923077,0.057342657,0.037762238,0.022377622,0.034965035,0.487179487,0.102564103,0.179487179,0.051282051,0.153846154,0.025641026,CON
Devon,0.043494332,0.050887137,0.053228191,0.055322819,0.054460325,0.050147856,0.053967472,0.053474618,0.052735338,0.058896008,0.070478068,0.075036964,0.069738788,0.064440611,0.069862001,0.052612124,0.035115821,0.022178413,0.035978314,0.633333333,0.116666667,0.15,0.033333333,0.066666667,0,CON
Doncaster,0.054852321,0.05874716,0.06037001,0.052255761,0.052580331,0.065563129,0.071080818,0.065238559,0.05842259,0.06069458,0.070756248,0.071405388,0.063615709,0.053554041,0.052904901,0.037325544,0.026290166,0.016228497,0.024018176,0.2,0.727272727,0,0,0.072727273,0,LAB
Dorset,0.039515279,0.047945205,0.053477345,0.050316122,0.040305585,0.044257113,0.048208641,0.048208641,0.049525817,0.057165437,0.070864067,0.078503688,0.075869336,0.071127503,0.080084299,0.06032666,0.041622761,0.026080084,0.042676502,0.524390244,0.012195122,0.329268293,0.06097561,0.073170732,0,CON
Dover,0.048969072,0.055841924,0.058419244,0.051546392,0.046391753,0.056701031,0.059278351,0.056701031,0.054123711,0.057560137,0.069587629,0.075601375,0.069587629,0.063573883,0.066151203,0.048969072,0.031786942,0.018900344,0.029209622,0.625,0.3125,0,0,0.03125,0.03125,CON
Dudley,0.05625966,0.061205564,0.059659969,0.055023184,0.052550232,0.063060278,0.066151468,0.06244204,0.058423493,0.062132921,0.072642968,0.06862442,0.057496136,0.051931994,0.052550232,0.042658423,0.029984544,0.017928903,0.026893354,0.625,0.361111111,0,0,0.013888889,0,CON
Durham,0.047500479,0.05439571,0.056502586,0.059758667,0.063397817,0.055927983,0.058800996,0.058609462,0.055927983,0.060524804,0.072591458,0.075656005,0.0672285,0.059375599,0.058800996,0.041562919,0.028921663,0.016280406,0.024516376,0.174603175,0.436507937,0.134920635,0.007936508,0.238095238,0.007936508,NOC
Ealing,0.058567148,0.060473985,0.06428766,0.059384364,0.061563607,0.078725143,0.083900844,0.083900844,0.080904386,0.07191501,0.067284119,0.059656769,0.04794334,0.037047126,0.031054209,0.021792427,0.01634432,0.009806592,0.014982294,0.071428571,0.842857143,0.085714286,0,0,0,LAB
East Cambridgeshire,0.051311288,0.060433295,0.062713797,0.050171038,0.041049031,0.05359179,0.062713797,0.06613455,0.0672748,0.070695553,0.074116306,0.070695553,0.060433295,0.05359179,0.057012543,0.041049031,0.028506271,0.017103763,0.027366021,0.571428571,0,0.321428571,0,0.107142857,0,CON
East Devon,0.043103448,0.051061008,0.051061008,0.047082228,0.041114058,0.045755968,0.049071618,0.050397878,0.051061008,0.058355438,0.069628647,0.072281167,0.070291777,0.068302387,0.078912467,0.062334218,0.043766578,0.027851459,0.046419098,0.35,0.016666667,0.116666667,0.033333333,0.466666667,0.016666667,NOC
East Hampshire,0.047732697,0.055688146,0.059665871,0.054097056,0.042959427,0.049323787,0.054097056,0.055688146,0.059665871,0.066825776,0.076372315,0.07875895,0.069212411,0.058074781,0.061256961,0.046937152,0.032617343,0.020684169,0.032617343,0.720930233,0,0.186046512,0.023255814,0.069767442,0,CON
East Hertfordshire,0.055296469,0.059293804,0.065289807,0.054630247,0.046635576,0.059293804,0.063957362,0.064623584,0.067288474,0.073284477,0.075949367,0.073284477,0.059293804,0.047301799,0.049966689,0.034643571,0.024650233,0.016655563,0.025316456,0.8,0.04,0.12,0.04,0,0,CON
East Lindsey,0.039353479,0.045678145,0.05130007,0.044975404,0.041461701,0.046380885,0.048489108,0.044272663,0.044272663,0.054111033,0.07167955,0.082220661,0.080815179,0.078004216,0.085734364,0.064652143,0.04075896,0.022487702,0.035137034,0.563636364,0.109090909,0.018181818,0,0.309090909,0,CON
East Riding of Yorkshire,0.042957335,0.050847458,0.053769725,0.049094097,0.042080655,0.049094097,0.052600818,0.052600818,0.052600818,0.062828755,0.074810053,0.079193454,0.072764465,0.067504383,0.074225599,0.052308591,0.0371128,0.021624781,0.033313852,0.626865672,0,0.194029851,0,0.179104478,0,CON
East Staffordshire,0.056451613,0.060483871,0.061290323,0.05483871,0.052419355,0.065322581,0.07016129,0.065322581,0.061290323,0.063709677,0.072580645,0.07016129,0.061290323,0.05,0.05,0.037903226,0.025,0.015322581,0.023387097,0.58974359,0.282051282,0.025641026,0,0.102564103,0,CON
East Suffolk,0.043106954,0.050833672,0.055307035,0.049613664,0.043513623,0.048393656,0.051240342,0.050020333,0.051240342,0.059780399,0.07157381,0.076047174,0.07157381,0.067507117,0.076047174,0.056933713,0.038226922,0.024400163,0.03904026,0.709090909,0.127272727,0.054545455,0.090909091,0.018181818,0,CON
East Sussex,0.045804324,0.052583364,0.056064492,0.050567974,0.044521803,0.048735801,0.054049102,0.053133016,0.05423232,0.061377794,0.073103701,0.076218395,0.068706486,0.063393184,0.070538659,0.052766581,0.036277025,0.023268597,0.038109198,0.54,0.1,0.22,0.08,0.06,0,CON
Eastbourne,0.046214356,0.054080629,0.057030482,0.052114061,0.051130777,0.055063913,0.059980334,0.058013766,0.058013766,0.060963618,0.067846608,0.069813176,0.062930187,0.057030482,0.063913471,0.048180924,0.036381514,0.02359882,0.040314651,0.259259259,0,0.592592593,0,0.111111111,0.037037037,LD
Eastleigh,0.055718475,0.062316716,0.061583578,0.05058651,0.046920821,0.06085044,0.069648094,0.068181818,0.065982405,0.064516129,0.069648094,0.068181818,0.059384164,0.051319648,0.052052786,0.037390029,0.027859238,0.01686217,0.0271261,0.025641026,0,0.871794872,0,0.102564103,0,LD
Elmbridge,0.060518732,0.071325648,0.071325648,0.053314121,0.036743516,0.043227666,0.054034582,0.066282421,0.080691643,0.081412104,0.076368876,0.069884726,0.055475504,0.045389049,0.045389049,0.033861671,0.025216138,0.017291066,0.028818444,0.3125,0,0.270833333,0,0.416666667,0,NOC
Enfield,0.064545455,0.069090909,0.073030303,0.064545455,0.057878788,0.064242424,0.07,0.072727273,0.074545455,0.068787879,0.068787879,0.063939394,0.051818182,0.038787879,0.033939394,0.024848485,0.01969697,0.012424242,0.019393939,0.396825397,0.603174603,0,0,0,0,LAB
Epping Forest,0.058518519,0.057037037,0.058518519,0.051851852,0.05037037,0.056296296,0.065925926,0.066666667,0.067407407,0.065925926,0.074074074,0.073333333,0.06,0.04962963,0.051851852,0.038518519,0.026666667,0.017037037,0.028148148,0.586206897,0,0.068965517,0.034482759,0.293103448,0.017241379,CON
Epsom and Ewell,0.056860321,0.065512979,0.066749073,0.056860321,0.049443758,0.049443758,0.059332509,0.069221261,0.076637824,0.075401731,0.071693449,0.067985167,0.054388133,0.044499382,0.048207664,0.035846724,0.025957973,0.016069221,0.025957973,0.026315789,0.078947368,0.052631579,0,0.815789474,0.026315789,IND
Erewash,0.048715678,0.056687334,0.055801594,0.050487157,0.050487157,0.062001771,0.067316209,0.062001771,0.058458813,0.06554473,0.077945084,0.075287865,0.062001771,0.054030115,0.056687334,0.0425155,0.028343667,0.017714792,0.026572188,0.553191489,0.319148936,0.021276596,0,0.106382979,0,CON
Essex,0.055278388,0.059203087,0.06000133,0.053016697,0.051952371,0.058870485,0.064724273,0.063460387,0.06193042,0.06412559,0.071708907,0.069646777,0.05993481,0.051885851,0.056741835,0.04137564,0.028337657,0.017694406,0.027805495,0.68,0.053333333,0.106666667,0.013333333,0.133333333,0.013333333,CON
Exeter,0.045107034,0.047400612,0.046636086,0.090214067,0.125382263,0.068807339,0.068807339,0.064984709,0.056574924,0.055810398,0.059633028,0.056574924,0.048929664,0.04204893,0.043577982,0.032110092,0.023700306,0.01529052,0.025229358,0.128205128,0.641025641,0.051282051,0.128205128,0.051282051,0,LAB
Fareham,0.045414847,0.054148472,0.055895197,0.048908297,0.045414847,0.048908297,0.058515284,0.057641921,0.056768559,0.062882096,0.073362445,0.07860262,0.068995633,0.057641921,0.064628821,0.050655022,0.03580786,0.023580786,0.036681223,0.806451613,0,0.129032258,0,0.064516129,0,CON
Fenland,0.050731707,0.056585366,0.054634146,0.048780488,0.049756098,0.060487805,0.063414634,0.060487805,0.055609756,0.060487805,0.072195122,0.073170732,0.064390244,0.060487805,0.061463415,0.045853659,0.031219512,0.018536585,0.029268293,0.666666667,0,0.051282051,0.025641026,0.256410256,0,CON
Folkestone and Hythe,0.046448087,0.052823315,0.056466302,0.047358834,0.047358834,0.052823315,0.056466302,0.053734062,0.056466302,0.061020036,0.072859745,0.076502732,0.069216758,0.06284153,0.071038251,0.051001821,0.033697632,0.02003643,0.031876138,0.333333333,0.166666667,0.1,0.2,0.2,0,NOC
Forest of Dean,0.045977011,0.051724138,0.052873563,0.05862069,0.045977011,0.050574713,0.055172414,0.051724138,0.049425287,0.059770115,0.075862069,0.08045977,0.071264368,0.066666667,0.068965517,0.051724138,0.033333333,0.018390805,0.028735632,0.157894737,0.078947368,0.052631579,0.184210526,0.526315789,0,NOC
Fylde,0.040540541,0.047911548,0.05036855,0.045454545,0.039312039,0.046683047,0.052825553,0.055282555,0.051597052,0.058968059,0.073710074,0.082309582,0.077395577,0.068796069,0.073710074,0.057739558,0.039312039,0.024570025,0.039312039,0.607843137,0,0.019607843,0,0.333333333,0.039215686,CON
Gateshead,0.051504335,0.056603774,0.057623661,0.051504335,0.052524222,0.064762876,0.066802652,0.066292708,0.060683325,0.061703213,0.070882203,0.072412035,0.063742988,0.054054054,0.054563998,0.037735849,0.03008669,0.017848037,0.026517083,0,0.772727273,0.227272727,0,0,0,LAB
Gedling,0.051150895,0.0571185,0.057971014,0.04859335,0.045183291,0.058823529,0.064791134,0.063938619,0.062233589,0.063938619,0.074168798,0.073316283,0.063086104,0.056265985,0.058823529,0.041773231,0.030690537,0.018755328,0.028132992,0.170731707,0.682926829,0.073170732,0,0.048780488,0.024390244,LAB
Gloucester,0.056603774,0.062641509,0.061886792,0.058113208,0.064150943,0.067169811,0.073962264,0.069433962,0.063396226,0.061886792,0.069433962,0.067924528,0.057358491,0.044528302,0.043018868,0.033962264,0.022641509,0.014339623,0.022641509,0.564102564,0.076923077,0.282051282,0,0.051282051,0.025641026,CON
Gloucestershire,0.050069757,0.056115331,0.057975508,0.053635095,0.051929933,0.056890405,0.06231592,0.061230817,0.059215625,0.063246008,0.072391877,0.073942024,0.064176097,0.056115331,0.057820493,0.043404123,0.030072857,0.018601767,0.029452798,0.509433962,0.094339623,0.301886792,0.075471698,0.018867925,0,CON
Gosport,0.051282051,0.057387057,0.05982906,0.051282051,0.051282051,0.05982906,0.063492063,0.062271062,0.057387057,0.061050061,0.070818071,0.073260073,0.065934066,0.054945055,0.058608059,0.042735043,0.028083028,0.018315018,0.029304029,0.357142857,0.071428571,0.571428571,0,0,0,LD
Gravesham,0.061739944,0.066417212,0.066417212,0.057998129,0.053320861,0.06080449,0.071094481,0.070159027,0.064546305,0.063610851,0.070159027,0.067352666,0.053320861,0.044901777,0.045837231,0.033676333,0.024321796,0.015902713,0.023386342,0.477272727,0.5,0,0,0.022727273,0,NOC
Great Yarmouth,0.0501002,0.054108216,0.057114228,0.051102204,0.0501002,0.057114228,0.06012024,0.056112224,0.053106212,0.06012024,0.071142285,0.074148297,0.066132265,0.062124248,0.066132265,0.0501002,0.032064128,0.019038076,0.03006012,0.538461538,0.358974359,0,0,0.102564103,0,CON
Greenwich,0.065721204,0.065029402,0.062953995,0.05499827,0.063645797,0.085437565,0.096506399,0.089242477,0.079557247,0.06779661,0.065721204,0.055690073,0.043237634,0.0321688,0.027672086,0.01937046,0.013144241,0.007955725,0.012106538,0.054545455,0.945454545,0,0,0,0,LAB
Guildford,0.046657382,0.054317549,0.057799443,0.075208914,0.091922006,0.059888579,0.059888579,0.060584958,0.063370474,0.066852368,0.067548747,0.067548747,0.054317549,0.044568245,0.045961003,0.033426184,0.024373259,0.016016713,0.026462396,0.166666667,0.041666667,0.354166667,0,0.4375,0,NOC
Hackney,0.0625,0.058641975,0.05941358,0.054398148,0.071759259,0.121527778,0.123070988,0.091049383,0.071759259,0.059799383,0.05632716,0.051697531,0.038966049,0.027006173,0.021219136,0.013117284,0.009259259,0.005401235,0.008487654,0.087719298,0.877192982,0,0.035087719,0,0,LAB
Halton,0.054602184,0.061622465,0.063182527,0.055382215,0.05226209,0.061622465,0.066302652,0.066302652,0.062402496,0.06474259,0.070982839,0.070982839,0.063962559,0.056162246,0.055382215,0.033541342,0.022620905,0.012480499,0.018720749,0.055555556,0.888888889,0.055555556,0,0,0,LAB
Hammersmith and Fulham,0.049672489,0.048034934,0.049126638,0.044759825,0.09279476,0.127729258,0.105895197,0.080786026,0.069868996,0.066593886,0.064956332,0.055676856,0.040393013,0.031113537,0.027292576,0.019104803,0.013646288,0.007641921,0.012008734,0.2,0.8,0,0,0,0,LAB
Hampshire,0.050899486,0.057824101,0.058609366,0.052398629,0.048115363,0.055539692,0.062392918,0.061750428,0.061179326,0.064891491,0.072601371,0.073458024,0.063320959,0.054040548,0.058109652,0.043760708,0.030553969,0.0192747,0.030625357,0.717948718,0.038461538,0.217948718,0,0.025641026,0,CON
Harborough,0.048155738,0.055327869,0.06045082,0.055327869,0.044057377,0.051229508,0.056352459,0.058401639,0.06045082,0.068647541,0.078893443,0.076844262,0.06557377,0.056352459,0.06045082,0.045081967,0.030737705,0.018442623,0.028688525,0.647058824,0.029411765,0.323529412,0,0,0,CON
Haringey,0.056396669,0.055639667,0.059046177,0.055261166,0.062074186,0.090840273,0.098031794,0.089326268,0.07986374,0.072672218,0.07002271,0.060938683,0.045041635,0.0333081,0.026873581,0.018546556,0.014004542,0.007948524,0.012112036,0,0.842105263,0.122807018,0,0.01754386,0.01754386,LAB
Harlow,0.067524116,0.07073955,0.067524116,0.054662379,0.052518757,0.068595927,0.082529475,0.080385852,0.069667738,0.060021436,0.064308682,0.062165059,0.053590568,0.042872454,0.036441586,0.025723473,0.019292605,0.012861736,0.020364416,0.606060606,0.393939394,0,0,0,0,CON
Harrow,0.060084194,0.061615002,0.063145809,0.057787983,0.057787983,0.070799847,0.078453884,0.080750096,0.076157673,0.065059319,0.062763108,0.058936089,0.053195561,0.044010716,0.037887486,0.028319939,0.021814007,0.013777268,0.021814007,0.563636364,0.436363636,0,0,0,0,CON
Hart,0.052313883,0.063380282,0.064386318,0.057344064,0.044265594,0.051307847,0.058350101,0.063380282,0.067404427,0.07444668,0.075452716,0.072434608,0.058350101,0.047283702,0.052313883,0.041247485,0.02917505,0.017102616,0.027162978,0.303030303,0.03030303,0.333333333,0,0.333333333,0,NOC
Hartlepool,0.054171181,0.060671723,0.063921993,0.056338028,0.055254605,0.059588299,0.063921993,0.059588299,0.055254605,0.058504875,0.071505959,0.076923077,0.068255688,0.057421452,0.055254605,0.034669556,0.02708559,0.016251354,0.02383532,0.388888889,0.361111111,0,0,0.25,0,NOC
Hastings,0.052689352,0.057080132,0.058177827,0.051591658,0.049396268,0.059275521,0.06586169,0.062568606,0.060373216,0.064763996,0.076838639,0.075740944,0.063666301,0.057080132,0.055982437,0.038419319,0.025246981,0.015367728,0.025246981,0.375,0.46875,0,0.15625,0,0,NOC
Havant,0.049114332,0.055555556,0.056360709,0.049919485,0.047504026,0.054750403,0.060386473,0.057165862,0.052334944,0.057165862,0.070853462,0.074879227,0.070048309,0.060386473,0.063607085,0.049114332,0.034621578,0.022544283,0.035426731,0.868421053,0.052631579,0,0,0.026315789,0.052631579,CON
Havering,0.062977099,0.064503817,0.061068702,0.054961832,0.053816794,0.064503817,0.073664122,0.073282443,0.066412214,0.061832061,0.066412214,0.064885496,0.05648855,0.045419847,0.046183206,0.033206107,0.02480916,0.016793893,0.026717557,0.418181818,0.163636364,0,0,0.418181818,0,NOC
Herefordshire,0.044895778,0.050774987,0.053981828,0.048637092,0.043826831,0.05130946,0.056119722,0.055050775,0.052378407,0.059861037,0.072688402,0.078033137,0.072688402,0.066809193,0.069481561,0.051843934,0.035809727,0.021913415,0.03474078,0.264150943,0.018867925,0.113207547,0.132075472,0.471698113,0,NOC
Hertfordshire,0.058558559,0.063813814,0.065482149,0.055388722,0.051384718,0.059893227,0.067817818,0.070653987,0.071571572,0.070236904,0.071154488,0.068151485,0.055472139,0.044377711,0.044377711,0.032449116,0.023857191,0.016016016,0.025358692,0.58974359,0.08974359,0.294871795,0.012820513,0.012820513,0,CON
Hertsmere,0.058441558,0.064007421,0.065862709,0.056586271,0.050092764,0.057513915,0.063079777,0.070500928,0.072356215,0.069573284,0.070500928,0.069573284,0.055658627,0.045454545,0.046382189,0.03432282,0.025046382,0.016697588,0.02690167,0.743589744,0.179487179,0.076923077,0,0,0,CON
High Peak,0.04730473,0.052805281,0.057205721,0.04840484,0.04620462,0.052805281,0.059405941,0.058305831,0.057205721,0.064906491,0.081408141,0.083608361,0.073707371,0.060506051,0.061606161,0.0440044,0.02860286,0.01540154,0.02420242,0.372093023,0.441860465,0.069767442,0.046511628,0.023255814,0.046511628,NOC
Hillingdon,0.065053939,0.067015364,0.065380843,0.060804184,0.064727035,0.067996077,0.077476299,0.08139915,0.076822491,0.066361556,0.065053939,0.059169663,0.048708728,0.038247793,0.034324943,0.024190912,0.018960445,0.01242236,0.019287349,0.566037736,0.433962264,0,0,0,0,CON
Hinckley and Bosworth,0.050176056,0.056338028,0.05721831,0.049295775,0.044014085,0.058098592,0.063380282,0.0625,0.058978873,0.065140845,0.074823944,0.072183099,0.064260563,0.058098592,0.063380282,0.045774648,0.029929577,0.016725352,0.026408451,0.264705882,0.058823529,0.617647059,0,0.058823529,0,LD
Horsham,0.050408719,0.054495913,0.061307902,0.052452316,0.042234332,0.051771117,0.057220708,0.058583106,0.061307902,0.065395095,0.07493188,0.076975477,0.066076294,0.05653951,0.060626703,0.045640327,0.032016349,0.020435967,0.033378747,0.625,0,0.270833333,0.0625,0.041666667,0,CON
Hounslow,0.06315059,0.066273421,0.064885496,0.056210965,0.058292852,0.072172103,0.086398334,0.089868147,0.083969466,0.072519084,0.065579459,0.056904927,0.046148508,0.036780014,0.030881332,0.021165857,0.015267176,0.009021513,0.013879251,0.161290323,0.822580645,0,0,0,0.016129032,LAB
Huntingdonshire,0.053650442,0.058628319,0.057522124,0.048672566,0.047013274,0.059181416,0.067477876,0.066924779,0.064159292,0.067477876,0.073561947,0.072455752,0.061946903,0.053097345,0.056415929,0.041482301,0.02710177,0.014933628,0.023783186,0.403846154,0.076923077,0.211538462,0.019230769,0.288461538,0,NOC
Hyndburn,0.059610706,0.064476886,0.064476886,0.060827251,0.054744526,0.065693431,0.069343066,0.063260341,0.057177616,0.062043796,0.071776156,0.066909976,0.058394161,0.0486618,0.051094891,0.03649635,0.0243309,0.013381995,0.020681265,0.428571429,0.371428571,0,0.057142857,0.142857143,0,NOC
Ipswich,0.059413028,0.064423765,0.062992126,0.057981389,0.057265569,0.070866142,0.077308518,0.073013601,0.067287044,0.063707946,0.065855404,0.061560487,0.052970651,0.045096636,0.042949177,0.030780243,0.022190408,0.015032212,0.024337867,0.229166667,0.666666667,0.0625,0,0.041666667,0,LAB
Isle of Wight,0.03988604,0.049145299,0.050569801,0.045584046,0.042022792,0.047720798,0.051282051,0.049145299,0.04985755,0.056267806,0.073361823,0.079059829,0.074786325,0.074786325,0.07977208,0.061965812,0.038461538,0.023504274,0.037749288,0.435897436,0.025641026,0.051282051,0.051282051,0.435897436,0,NOC
Islington,0.051708218,0.046168052,0.045706371,0.049399815,0.085410896,0.132963989,0.126038781,0.087719298,0.068328717,0.058171745,0.059556787,0.054478301,0.040627886,0.029547553,0.024930748,0.016620499,0.012003693,0.006925208,0.010618652,0,0.941176471,0,0.058823529,0,0,LAB
Kensington and Chelsea,0.043235704,0.044630404,0.045327755,0.046722455,0.085076709,0.091352859,0.084379358,0.073919107,0.066945607,0.071129707,0.077405858,0.072524407,0.054393305,0.041143654,0.038354254,0.027894003,0.019525802,0.010460251,0.017433752,0.7,0.26,0.04,0,0,0,CON
Kent,0.055389886,0.060465706,0.062305691,0.056024364,0.052915424,0.05754711,0.063828437,0.063130512,0.061925005,0.064272572,0.070871138,0.069602183,0.059133304,0.051709917,0.055643677,0.040670008,0.02791701,0.016877102,0.026648055,0.740740741,0.086419753,0.074074074,0.061728395,0.024691358,0.012345679,CON
Kingston upon Thames,0.057142857,0.0625,0.063095238,0.055952381,0.066666667,0.06547619,0.073214286,0.077380952,0.080357143,0.075595238,0.069047619,0.060714286,0.048809524,0.039880952,0.039285714,0.026785714,0.019047619,0.011309524,0.019047619,0.0625,0,0.895833333,0,0.041666667,0,LD
Kirklees,0.05815832,0.063697207,0.066005077,0.062081699,0.059543042,0.061158551,0.065543503,0.064851142,0.06277406,0.064851142,0.071313178,0.066005077,0.056542811,0.048465267,0.049388414,0.034387261,0.023771059,0.013616432,0.021232402,0.260869565,0.507246377,0.115942029,0.043478261,0.057971014,0.014492754,LAB
Knowsley,0.062783172,0.061488673,0.059546926,0.054368932,0.05566343,0.068608414,0.075728155,0.066666667,0.055016181,0.056957929,0.069255663,0.075728155,0.067961165,0.053074434,0.044660194,0.028478964,0.022653722,0.014239482,0.020711974,0,0.711111111,0.066666667,0.111111111,0.111111111,0,LAB
Lambeth,0.048173804,0.046914358,0.048803526,0.046914358,0.084382872,0.142632242,0.115239295,0.083123426,0.070528967,0.064231738,0.064546599,0.057304786,0.041561713,0.028337531,0.021725441,0.014483627,0.011335013,0.006297229,0.010075567,0,0.920634921,0.047619048,0.031746032,0,0,LAB
Lancashire,0.051566421,0.057475917,0.059418765,0.059499717,0.059014005,0.057475917,0.062333037,0.060713997,0.057152109,0.061442565,0.071075852,0.072047276,0.06330446,0.054723549,0.057394965,0.041285518,0.028333198,0.016595159,0.025742735,0.571428571,0.380952381,0.023809524,0.023809524,0,0,CON
Lancaster,0.046885934,0.051784465,0.053184045,0.074877537,0.089573128,0.055983205,0.058082575,0.058782365,0.053883835,0.055283415,0.066480056,0.068579426,0.061581526,0.053883835,0.055983205,0.039888034,0.027991603,0.017494752,0.027291812,0.15,0.266666667,0.066666667,0.25,0.233333333,0.033333333,NOC
Leeds,0.057635468,0.061083744,0.059359606,0.063793103,0.08682266,0.074630542,0.074630542,0.069704433,0.063669951,0.06046798,0.062561576,0.059359606,0.050123153,0.041502463,0.042241379,0.02955665,0.021674877,0.013669951,0.021182266,0.212121212,0.565656566,0.070707071,0.04040404,0.101010101,0.01010101,LAB
Leicester,0.060499186,0.067281606,0.06945198,0.076776994,0.097938144,0.074064026,0.07460662,0.074064026,0.067010309,0.06104178,0.059413999,0.052902876,0.046934346,0.037981552,0.030656538,0.019804666,0.014921324,0.009224091,0.014650027,0.037037037,0.851851852,0.018518519,0,0.092592593,0,LAB
Leicestershire,0.050540503,0.056156114,0.057419627,0.059385091,0.057840797,0.057138846,0.062333287,0.061912116,0.059525481,0.06401797,0.073002948,0.070897094,0.061912116,0.05433104,0.057138846,0.041976695,0.028078057,0.017127615,0.026393374,0.763636364,0.072727273,0.163636364,0,0,0,CON
Lewes,0.045045045,0.053053053,0.058058058,0.052052052,0.041041041,0.043043043,0.052052052,0.054054054,0.056056056,0.063063063,0.074074074,0.075075075,0.068068068,0.064064064,0.07007007,0.053053053,0.037037037,0.025025025,0.041041041,0.43902439,0.097560976,0.219512195,0.195121951,0.048780488,0,NOC
Lewisham,0.063539587,0.060545576,0.058549568,0.052228876,0.062541583,0.091816367,0.102461743,0.091483699,0.078842315,0.069194943,0.066533599,0.061876248,0.04491018,0.02994012,0.023619428,0.016966068,0.012974052,0.007651364,0.011976048,0,1,0,0,0,0,LAB
Lichfield,0.04887218,0.053571429,0.054511278,0.05075188,0.047932331,0.056390977,0.057330827,0.056390977,0.057330827,0.064849624,0.07612782,0.07424812,0.062969925,0.058270677,0.064849624,0.054511278,0.034774436,0.017857143,0.027255639,0.638297872,0.234042553,0.021276596,0,0.085106383,0.021276596,CON
Lincoln,0.049085659,0.051973051,0.051010587,0.084696824,0.130895091,0.076034649,0.074109721,0.062560154,0.055822907,0.053897979,0.057747834,0.057747834,0.048123195,0.03946102,0.038498556,0.026948989,0.019249278,0.012512031,0.020211742,0.272727273,0.666666667,0.060606061,0,0,0,LAB
Lincolnshire,0.046590318,0.053617907,0.055700156,0.053878188,0.056480999,0.055830297,0.059083811,0.056220718,0.05426861,0.060775638,0.071577303,0.074570536,0.066631963,0.060124935,0.064679854,0.048412285,0.032144716,0.018610099,0.029021343,0.771428571,0.057142857,0.042857143,0,0.128571429,0,CON
Liverpool,0.054309813,0.05492697,0.051841185,0.069738737,0.101419461,0.078378934,0.076733182,0.068092985,0.057189879,0.054721251,0.060069944,0.063155729,0.056572722,0.046081053,0.041143798,0.027360625,0.020571899,0.011931701,0.017691833,0,0.633333333,0.122222222,0.044444444,0.177777778,0.022222222,LAB
Luton,0.071016423,0.074123391,0.074123391,0.067021749,0.069241012,0.073235686,0.079449623,0.078561917,0.073235686,0.062583222,0.061251664,0.055037727,0.044385264,0.034620506,0.028406569,0.021304927,0.017310253,0.010652463,0.015978695,0.041666667,0.645833333,0.3125,0,0,0,LAB
Maidstone,0.059158134,0.062002275,0.059158134,0.050625711,0.050625711,0.06370876,0.069397042,0.068259386,0.064277588,0.066552901,0.071672355,0.067690557,0.056313993,0.048350398,0.052901024,0.03811149,0.026166098,0.01592719,0.025028441,0.509090909,0.090909091,0.218181818,0.018181818,0.163636364,0,CON
Maldon,0.046827795,0.051359517,0.054380665,0.051359517,0.046827795,0.049848943,0.051359517,0.051359517,0.052870091,0.063444109,0.080060423,0.078549849,0.072507553,0.063444109,0.070996979,0.051359517,0.033232628,0.019637462,0.03021148,0.451612903,0,0.032258065,0,0.516129032,0,NOC
Malvern Hills,0.039042821,0.049118388,0.055415617,0.052896725,0.041561713,0.044080605,0.046599496,0.046599496,0.05163728,0.060453401,0.075566751,0.08186398,0.075566751,0.068010076,0.075566751,0.056675063,0.040302267,0.025188917,0.039042821,0.315789474,0.026315789,0.105263158,0.131578947,0.421052632,0,NOC
Manchester,0.062318841,0.066304348,0.06576087,0.076811594,0.112137681,0.095289855,0.086956522,0.076268116,0.064855072,0.05634058,0.055072464,0.048369565,0.039130435,0.029891304,0.025,0.016666667,0.012137681,0.006884058,0.010688406,0,0.947916667,0.020833333,0.03125,0,0,LAB
Mansfield,0.054298643,0.059728507,0.059728507,0.048868778,0.049773756,0.065158371,0.071493213,0.069683258,0.059728507,0.061538462,0.071493213,0.074208145,0.063348416,0.053393665,0.05158371,0.038914027,0.025339367,0.015384615,0.023529412,0.027777778,0.388888889,0,0,0.555555556,0.027777778,NOC
Medway,0.061829878,0.06540386,0.064331665,0.057898499,0.056826305,0.06540386,0.072909221,0.069692638,0.066118656,0.063259471,0.068263045,0.067190851,0.056111508,0.04610436,0.046461758,0.031808435,0.021443888,0.012151537,0.018584703,0.6,0.363636364,0,0,0.036363636,0,CON
Melton,0.046332046,0.054054054,0.057915058,0.048262548,0.044401544,0.05019305,0.055984556,0.054054054,0.055984556,0.061776062,0.081081081,0.083011583,0.069498069,0.061776062,0.065637066,0.046332046,0.028957529,0.019305019,0.028957529,0.678571429,0,0,0.035714286,0.25,0.035714286,CON
Merton,0.062732342,0.061802974,0.06133829,0.04972119,0.05204461,0.079925651,0.089219331,0.088289963,0.084107807,0.072026022,0.067379182,0.058550186,0.04739777,0.036710037,0.032992565,0.022304833,0.017193309,0.010223048,0.016728625,0.122807018,0.543859649,0.298245614,0,0.035087719,0,LAB
Mid Devon,0.048309179,0.055555556,0.060386473,0.053140097,0.043478261,0.049516908,0.054347826,0.056763285,0.055555556,0.061594203,0.074879227,0.077294686,0.06884058,0.062801932,0.065217391,0.048309179,0.032608696,0.019323671,0.031400966,0.404761905,0,0.261904762,0.047619048,0.285714286,0,NOC
Mid Suffolk,0.043816943,0.050632911,0.054527751,0.050632911,0.044790652,0.052580331,0.055501461,0.053554041,0.053554041,0.062317429,0.074001947,0.078870497,0.071080818,0.065238559,0.071080818,0.050632911,0.034079844,0.020447907,0.032132425,0.470588235,0,0.147058824,0.352941176,0.029411765,0,NOC
Mid Sussex,0.054390564,0.061598952,0.064220183,0.05242464,0.041939712,0.050458716,0.060288336,0.064875491,0.068807339,0.072083879,0.074705111,0.070117955,0.058322412,0.051769332,0.053735256,0.041939712,0.028178244,0.019003932,0.030799476,0.611111111,0,0.240740741,0.074074074,0.074074074,0,CON
Middlesbrough,0.061848506,0.068102849,0.066018068,0.059763725,0.070882557,0.071577484,0.071577484,0.065323141,0.055594163,0.054899236,0.060458652,0.065323141,0.060458652,0.050034746,0.045170257,0.029881862,0.022237665,0.013898541,0.020847811,0.065217391,0.456521739,0,0,0.47826087,0,NOC
Milton Keynes,0.061672474,0.070731707,0.071777003,0.056794425,0.052264808,0.066202091,0.076655052,0.080139373,0.07804878,0.070383275,0.067247387,0.059581882,0.050522648,0.042508711,0.03902439,0.025087108,0.016376307,0.009059233,0.014634146,0.385964912,0.350877193,0.245614035,0,0,0.01754386,NOC
Mole Valley,0.04576659,0.053775744,0.060640732,0.053775744,0.041189931,0.04576659,0.04805492,0.054919908,0.062929062,0.06979405,0.077803204,0.078947368,0.067505721,0.058352403,0.059496568,0.04805492,0.034324943,0.02402746,0.037757437,0.219512195,0,0.585365854,0.024390244,0.170731707,0,LD
New Forest,0.040955631,0.048919226,0.053469852,0.047212742,0.040386803,0.043799772,0.048350398,0.048919226,0.051194539,0.058020478,0.071672355,0.07963595,0.072810011,0.069397042,0.076791809,0.059158134,0.042093288,0.027872582,0.046075085,0.733333333,0,0.216666667,0,0.05,0,CON
Newark and Sherwood,0.049633849,0.054515867,0.056143206,0.051261188,0.049633849,0.058584215,0.061025224,0.058584215,0.056143206,0.063466233,0.074857608,0.075671277,0.066720911,0.058584215,0.062652563,0.04637917,0.030105777,0.017087063,0.026851098,0.743589744,0.179487179,0.051282051,0,0.025641026,0,CON
Newcastle upon Tyne,0.051965356,0.05562958,0.054630247,0.077948035,0.122251832,0.077948035,0.070952698,0.065289807,0.056295803,0.053297801,0.055962692,0.057961359,0.051632245,0.04230513,0.039307129,0.026315789,0.019986676,0.01332445,0.020652898,0,0.653846154,0.269230769,0,0.064102564,0.012820513,LAB
Newcastle-under-Lyme,0.04703974,0.052716951,0.052716951,0.062449311,0.069748581,0.055961071,0.060827251,0.058394161,0.055961071,0.060827251,0.071370641,0.071370641,0.064071371,0.055150041,0.059205191,0.04298459,0.03081914,0.01865369,0.02838605,0.568181818,0.431818182,0,0,0,0,CON
Newham,0.068071774,0.06636286,0.06636286,0.06294503,0.080603817,0.10253489,0.104528624,0.09256622,0.078040444,0.064938764,0.058387924,0.04642552,0.03645685,0.025918542,0.017943606,0.011392766,0.009114212,0.004841925,0.007120478,0,0.954545455,0,0.03030303,0.015151515,0,LAB
Norfolk,0.046387252,0.052826894,0.053481773,0.051189697,0.055446409,0.057411046,0.060248854,0.057629339,0.05511897,0.060358,0.068980572,0.071709234,0.064942152,0.060576293,0.066470203,0.049770792,0.033944554,0.021283563,0.033617114,0.654761905,0.142857143,0.119047619,0.035714286,0.035714286,0.011904762,CON
North Devon,0.045638945,0.052738337,0.056795132,0.050709939,0.042596349,0.051724138,0.054766734,0.051724138,0.053752535,0.059837728,0.072008114,0.077079108,0.072008114,0.063894523,0.069979716,0.053752535,0.034482759,0.022312373,0.035496957,0.19047619,0,0.523809524,0.047619048,0.238095238,0,LD
North East Derbyshire,0.047058824,0.052941176,0.053921569,0.047058824,0.045098039,0.054901961,0.055882353,0.054901961,0.054901961,0.061764706,0.075490196,0.076470588,0.069607843,0.062745098,0.067647059,0.053921569,0.034313725,0.019607843,0.029411765,0.509433962,0.339622642,0.056603774,0,0.094339623,0,CON
North East Lincolnshire,0.054174634,0.06054812,0.061185468,0.053537285,0.05098789,0.059273423,0.066284257,0.06054812,0.053537285,0.06054812,0.070745698,0.075207138,0.06500956,0.055449331,0.056724028,0.039515615,0.029955386,0.01848311,0.027405991,0.714285714,0.19047619,0.071428571,0,0.023809524,0,CON
North Hertfordshire,0.056306306,0.061561562,0.062312312,0.0503003,0.044294294,0.057057057,0.065315315,0.067567568,0.070570571,0.071321321,0.071321321,0.070570571,0.058558559,0.048798799,0.0503003,0.037537538,0.027777778,0.018768769,0.029279279,0.387755102,0.326530612,0.265306122,0,0,0.020408163,NOC
North Kesteven,0.046610169,0.055932203,0.055932203,0.05,0.046610169,0.055932203,0.060169492,0.058474576,0.055084746,0.063559322,0.076271186,0.076271186,0.06440678,0.056779661,0.06440678,0.049152542,0.034745763,0.018644068,0.028813559,0.488372093,0,0,0,0.465116279,0.046511628,NOC
North Lincolnshire,0.049499116,0.056570418,0.059516794,0.052445492,0.047731291,0.057159694,0.06246317,0.060695345,0.054802593,0.06128462,0.073659399,0.076605775,0.067177372,0.058927519,0.06010607,0.043017089,0.02946376,0.018267531,0.027695934,0.651162791,0.325581395,0,0,0.023255814,0,CON
North Norfolk,0.03592233,0.042718447,0.046601942,0.042718447,0.037864078,0.041747573,0.044660194,0.044660194,0.04368932,0.053398058,0.068932039,0.078640777,0.083495146,0.080582524,0.09223301,0.067961165,0.045631068,0.030097087,0.047572816,0.25,0,0.6,0,0.15,0,LD
North Northamptonshire,0.056189152,0.062586926,0.064534075,0.055076495,0.049513213,0.062308762,0.069262865,0.067872045,0.064812239,0.066481224,0.073713491,0.069262865,0.057023644,0.050069541,0.051182197,0.036439499,0.023087622,0.013630042,0.021418637,0.717948718,0.192307692,0.012820513,0.038461538,0.025641026,0.012820513,CON
North Somerset,0.049377019,0.056760498,0.059067836,0.049838486,0.044762344,0.049838486,0.056760498,0.060452238,0.061836641,0.065066913,0.071527457,0.07291186,0.062298108,0.057683433,0.064605445,0.049838486,0.033687125,0.021227503,0.034148593,0.26,0.12,0.2,0.08,0.34,0,NOC
North Tyneside,0.052631579,0.056937799,0.057894737,0.049760766,0.045454545,0.058373206,0.066507177,0.068421053,0.065550239,0.06507177,0.069856459,0.072727273,0.06507177,0.057894737,0.05645933,0.037320574,0.027272727,0.016746411,0.025837321,0.083333333,0.85,0,0,0.066666667,0,LAB
North Warwickshire,0.049230769,0.055384615,0.055384615,0.049230769,0.047692308,0.056923077,0.063076923,0.058461538,0.055384615,0.064615385,0.078461538,0.078461538,0.067692308,0.056923077,0.061538462,0.044615385,0.029230769,0.016923077,0.026153846,0.657142857,0.285714286,0,0,0.028571429,0.028571429,CON
North West Leicestershire,0.051575931,0.05635148,0.0582617,0.051575931,0.055396371,0.05921681,0.063992359,0.062082139,0.06017192,0.068767908,0.077363897,0.072588348,0.06112703,0.053486151,0.0582617,0.042024833,0.025787966,0.014326648,0.021967526,0.578947368,0.184210526,0.105263158,0.026315789,0.105263158,0,CON
North Yorkshire,0.045173871,0.050698733,0.054761131,0.0519987,0.04241144,0.050861228,0.054761131,0.053948651,0.054111147,0.06158596,0.075723107,0.080760481,0.073448164,0.064998375,0.068573286,0.049398765,0.034449139,0.020961976,0.032499188,0.511111111,0.133333333,0.144444444,0.055555556,0.155555556,0,CON
Northumberland,0.044291953,0.052089832,0.054273238,0.04897068,0.043356207,0.04959451,0.052713662,0.054273238,0.054273238,0.061447286,0.072364317,0.080474111,0.077354959,0.070492826,0.071740487,0.049282595,0.033063007,0.01933874,0.029943855,0.492537313,0.298507463,0.059701493,0.029850746,0.119402985,0,NOC
Norwich,0.047916667,0.052777778,0.050694444,0.071527778,0.114583333,0.084027778,0.08125,0.072222222,0.0625,0.056944444,0.056944444,0.054166667,0.044444444,0.040277778,0.038888889,0.028472222,0.019444444,0.013194444,0.021527778,0,0.641025641,0.076923077,0.282051282,0,0,LAB
Nottingham,0.054989188,0.05931418,0.058078468,0.097930182,0.135001545,0.075069509,0.074760581,0.06549274,0.056842756,0.054371331,0.055298116,0.052517763,0.042940995,0.033673154,0.030274946,0.021316033,0.015755329,0.010194625,0.016373185,0.036363636,0.909090909,0,0,0.054545455,0,LAB
Nottinghamshire,0.050800194,0.057225994,0.057953443,0.050557711,0.050557711,0.059772066,0.064379243,0.062439379,0.059529583,0.063409311,0.07371484,0.073957323,0.06328807,0.055407371,0.058074685,0.04328322,0.028976722,0.017216295,0.026794374,0.515151515,0.227272727,0.015151515,0,0.242424242,0,CON
Nuneaton and Bedworth,0.058122206,0.061102832,0.061102832,0.051415797,0.05290611,0.064828614,0.072280179,0.066318927,0.060357675,0.062593145,0.071535022,0.068554396,0.058867362,0.051415797,0.052160954,0.039493294,0.026080477,0.01490313,0.022354694,0.794117647,0.147058824,0,0.058823529,0,0,CON
Oadby and Wigston,0.050259965,0.060658579,0.060658579,0.072790295,0.050259965,0.055459272,0.060658579,0.062391681,0.060658579,0.058925477,0.067590988,0.067590988,0.060658579,0.051993068,0.051993068,0.041594454,0.032928943,0.022530329,0.034662045,0.153846154,0,0.846153846,0,0,0,LD
Oldham,0.066088393,0.071871128,0.074762495,0.067327551,0.058240397,0.061957869,0.06897976,0.066914498,0.062370921,0.061131764,0.066501446,0.061957869,0.05204461,0.044609665,0.043783561,0.031391987,0.02189178,0.011565469,0.017761256,0.15,0.583333333,0.15,0,0.116666667,0,LAB
Oxford,0.043800123,0.048118445,0.053053671,0.0980876,0.135718692,0.095003085,0.082048118,0.067859346,0.059222702,0.054287477,0.054287477,0.050586058,0.039481801,0.032078964,0.030228254,0.022208513,0.016039482,0.010487353,0.017273288,0,0.666666667,0.1875,0.125,0.020833333,0,LAB
Oxfordshire,0.052392114,0.056528333,0.059285813,0.062043292,0.066041638,0.068109748,0.070867227,0.067558252,0.063973528,0.063835654,0.06852337,0.066593134,0.055149593,0.046325658,0.046877154,0.035571488,0.024955191,0.015855508,0.025230939,0.333333333,0.238095238,0.333333333,0.047619048,0.047619048,0,NOC
Pendle,0.061586639,0.068893528,0.070981211,0.060542797,0.054279749,0.058455115,0.066805846,0.067849687,0.060542797,0.061586639,0.065762004,0.063674322,0.058455115,0.050104384,0.051148225,0.034446764,0.022964509,0.013569937,0.020876827,0.515151515,0.303030303,0.151515152,0,0.03030303,0,CON
Peterborough,0.065832174,0.072786277,0.071859064,0.057950858,0.054242003,0.07093185,0.080203987,0.080203987,0.07093185,0.064441354,0.06351414,0.057023644,0.048215114,0.03987019,0.037552156,0.026425591,0.019007881,0.012053778,0.019007881,0.466666667,0.216666667,0.133333333,0.066666667,0.1,0.016666667,NOC
Plymouth,0.049867775,0.057045712,0.056667926,0.060068002,0.080090669,0.067623725,0.069512656,0.065734794,0.058934643,0.059690215,0.066490366,0.065357008,0.057801284,0.048734416,0.049867775,0.036645259,0.025311674,0.015489233,0.024178315,0.403508772,0.438596491,0,0.052631579,0.105263158,0,NOC
Portsmouth,0.054300817,0.058145123,0.055742432,0.069678039,0.096588179,0.074002883,0.076886112,0.071600192,0.060067275,0.058625661,0.064392119,0.06150889,0.050456511,0.039884671,0.039404133,0.028351754,0.019702066,0.012974531,0.020182605,0.30952381,0.142857143,0.404761905,0,0.142857143,0,NOC
Preston,0.060175794,0.062204192,0.062204192,0.066260987,0.085192698,0.074374577,0.07234618,0.06693712,0.061528059,0.060851927,0.06423259,0.062880325,0.052062204,0.041920216,0.038539554,0.027045301,0.020283976,0.012846518,0.019607843,0.229166667,0.604166667,0.145833333,0,0.020833333,0,LAB
Reading,0.058553387,0.060275545,0.058553387,0.063145809,0.084385763,0.083811711,0.089552239,0.083811711,0.07347876,0.064867968,0.061423651,0.054535017,0.042479908,0.033295063,0.030424799,0.022962113,0.016647532,0.010332951,0.016647532,0.125,0.666666667,0.0625,0.145833333,0,0,LAB
Redbridge,0.06832098,0.069932324,0.068965517,0.062197873,0.061231067,0.069932324,0.080244924,0.084434418,0.079922655,0.067998711,0.062520142,0.054785691,0.046728972,0.036416371,0.030937802,0.021269739,0.016757976,0.010634869,0.016757976,0.079365079,0.904761905,0,0,0.015873016,0,LAB
Redcar and Cleveland,0.04981685,0.057875458,0.058608059,0.052014652,0.048351648,0.054945055,0.057875458,0.055677656,0.053479853,0.057875458,0.073260073,0.078388278,0.07032967,0.062271062,0.063736264,0.046153846,0.032967033,0.018315018,0.027838828,0.118644068,0.237288136,0.237288136,0,0.406779661,0,NOC
Redditch,0.057471264,0.062068966,0.062068966,0.052873563,0.051724138,0.065517241,0.073563218,0.068965517,0.066666667,0.063218391,0.066666667,0.064367816,0.05862069,0.055172414,0.054022989,0.036781609,0.02183908,0.011494253,0.018390805,0.620689655,0.275862069,0,0.034482759,0.034482759,0.034482759,CON
Reigate and Banstead,0.059642147,0.066269052,0.065606362,0.05102717,0.043074884,0.055666004,0.068919814,0.072233267,0.073558648,0.070907886,0.070245195,0.068919814,0.056328694,0.045062956,0.047051027,0.033797217,0.023856859,0.016567263,0.027833002,0.6,0,0.066666667,0.2,0.133333333,0,CON
Ribble Valley,0.042276423,0.050406504,0.060162602,0.053658537,0.043902439,0.047154472,0.05203252,0.05203252,0.053658537,0.06504065,0.081300813,0.082926829,0.074796748,0.061788618,0.06504065,0.048780488,0.034146341,0.021138211,0.030894309,0.65,0,0.25,0,0.1,0,CON
Richmond upon Thames,0.056864754,0.06557377,0.067622951,0.051741803,0.042008197,0.050717213,0.061987705,0.073258197,0.084016393,0.082991803,0.078893443,0.069672131,0.052766393,0.043032787,0.044569672,0.031762295,0.021004098,0.012807377,0.021516393,0.018518519,0,0.888888889,0.092592593,0,0,LD
Rochdale,0.065236819,0.069258266,0.070151921,0.060321716,0.054512958,0.063002681,0.071045576,0.068364611,0.063002681,0.062555853,0.067470956,0.064343164,0.055853441,0.0487042,0.046023235,0.031277927,0.020554066,0.011617516,0.018319929,0.166666667,0.716666667,0.05,0,0.066666667,0,LAB
Rochford,0.050233645,0.053738318,0.060747664,0.052570093,0.049065421,0.052570093,0.054906542,0.057242991,0.058411215,0.065420561,0.077102804,0.073598131,0.064252336,0.054906542,0.064252336,0.047897196,0.03271028,0.021028037,0.031542056,0.487179487,0,0.128205128,0.025641026,0.358974359,0,NOC
Rossendale,0.053672316,0.062146893,0.064971751,0.053672316,0.046610169,0.057909605,0.064971751,0.062146893,0.060734463,0.066384181,0.077683616,0.074858757,0.063559322,0.055084746,0.056497175,0.036723164,0.02259887,0.014124294,0.021186441,0.305555556,0.527777778,0,0.027777778,0.138888889,0,LAB
Rother,0.039742213,0.045112782,0.051557465,0.046186896,0.040816327,0.04189044,0.044038668,0.042964554,0.045112782,0.053705693,0.069817401,0.079484425,0.07518797,0.074113856,0.08915145,0.066595059,0.046186896,0.030075188,0.048335124,0.394736842,0.052631579,0.184210526,0.026315789,0.315789474,0.026315789,NOC
Rotherham,0.054928518,0.060195636,0.062076749,0.054552295,0.053047404,0.061700527,0.06772009,0.063957863,0.057562077,0.062829195,0.073363431,0.069977427,0.061700527,0.052671181,0.053423627,0.039879609,0.027464259,0.015425132,0.022949586,0.288135593,0.576271186,0.06779661,0,0.06779661,0,LAB
Rugby,0.055944056,0.062062937,0.062937063,0.054195804,0.048076923,0.063811189,0.073426573,0.071678322,0.067307692,0.067307692,0.070804196,0.067307692,0.054195804,0.04458042,0.047202797,0.039335664,0.026223776,0.01486014,0.023601399,0.547619048,0.214285714,0.214285714,0,0.023809524,0,CON
Runnymede,0.054483541,0.054483541,0.054483541,0.073779796,0.085130533,0.056753689,0.063564132,0.064699205,0.064699205,0.068104427,0.066969353,0.065834279,0.053348468,0.043132804,0.043132804,0.034052213,0.023836549,0.017026107,0.027241771,0.585365854,0.073170732,0.073170732,0.024390244,0.243902439,0,CON
Rushcliffe,0.049579832,0.057983193,0.061344538,0.053781513,0.052941176,0.051260504,0.057142857,0.062184874,0.065546218,0.067226891,0.073109244,0.072268908,0.061344538,0.054621849,0.057983193,0.043697479,0.029411765,0.019327731,0.031092437,0.613636364,0.136363636,0.068181818,0.068181818,0.113636364,0,CON
Rushmoor,0.062124248,0.061122244,0.056112224,0.051102204,0.056112224,0.076152305,0.088176353,0.078156313,0.069138277,0.065130261,0.070140281,0.066132265,0.0501002,0.041082164,0.042084168,0.031062124,0.021042084,0.011022044,0.017034068,0.717948718,0.230769231,0.051282051,0,0,0,CON
Rutland,0.041463415,0.048780488,0.06097561,0.068292683,0.043902439,0.051219512,0.053658537,0.053658537,0.056097561,0.058536585,0.073170732,0.070731707,0.065853659,0.06097561,0.068292683,0.051219512,0.036585366,0.02195122,0.034146341,0.222222222,0.037037037,0.222222222,0.037037037,0.481481481,0,NOC
Salford,0.064097814,0.061874768,0.059651723,0.057428677,0.084105224,0.097814005,0.090403853,0.075954057,0.060392738,0.055576139,0.05705817,0.055576139,0.047054465,0.035939237,0.03705076,0.025565024,0.01852538,0.01074472,0.016302334,0.133333333,0.816666667,0.033333333,0,0.016666667,0,LAB
Sandwell,0.064931266,0.071950863,0.071365896,0.0643463,0.059666569,0.065808716,0.072828312,0.07165838,0.067856098,0.06522375,0.067563615,0.060836502,0.050307107,0.040655162,0.037145364,0.028370869,0.021058789,0.01199181,0.018133957,0.125,0.819444444,0,0,0.041666667,0.013888889,LAB
Sefton,0.048335124,0.054063731,0.054779807,0.050125313,0.048335124,0.054421769,0.06122449,0.060150376,0.055853921,0.059792338,0.071965628,0.077694236,0.070891515,0.060508414,0.059076262,0.044396706,0.034371643,0.021482277,0.03329753,0.075757576,0.696969697,0.121212121,0,0.106060606,0,LAB
Sevenoaks,0.05560166,0.063070539,0.067219917,0.054771784,0.041493776,0.047302905,0.05560166,0.060580913,0.06473029,0.068049793,0.073029046,0.073029046,0.061410788,0.053112033,0.057261411,0.043153527,0.029875519,0.019917012,0.03153527,0.796296296,0.018518519,0.074074074,0,0.074074074,0.037037037,CON
Sheffield,0.054267745,0.057502246,0.057681941,0.067385445,0.09146451,0.07277628,0.069901168,0.062893082,0.057681941,0.057861635,0.065229111,0.061994609,0.053009883,0.044564241,0.044204852,0.033962264,0.024618149,0.014734951,0.023000898,0.011904762,0.452380952,0.345238095,0.166666667,0.011904762,0.011904762,NOC
Shropshire,0.044499382,0.050370828,0.053461063,0.052224969,0.046662546,0.052224969,0.055624227,0.053461063,0.051606922,0.061804697,0.075092707,0.078800989,0.071075402,0.064276885,0.067676143,0.052533993,0.035537701,0.021013597,0.033374536,0.554054054,0.135135135,0.202702703,0.054054054,0.054054054,0,CON
Slough,0.07444795,0.080126183,0.080757098,0.062460568,0.05615142,0.067507886,0.081388013,0.09148265,0.086435331,0.070031546,0.060567823,0.049842271,0.041640379,0.032176656,0.023974763,0.015772871,0.012618297,0.007570978,0.011987382,0.119047619,0.833333333,0,0,0.047619048,0,LAB
Solihull,0.054116559,0.063829787,0.062904718,0.054579093,0.049491212,0.055504163,0.06012951,0.060592044,0.060592044,0.063829787,0.072155412,0.071230342,0.06012951,0.050416281,0.055966698,0.043478261,0.030064755,0.019426457,0.030989824,0.549019608,0,0.098039216,0.274509804,0.078431373,0,CON
Somerset,0.047235829,0.053358992,0.05703289,0.05213436,0.045486354,0.053358992,0.057907628,0.055108467,0.05353394,0.060706788,0.072603219,0.075577327,0.067529741,0.063156053,0.067529741,0.05003499,0.033589923,0.020643807,0.033939818,0.327272727,0.045454545,0.554545455,0.045454545,0.027272727,0,LD
South Cambridgeshire,0.054320988,0.064197531,0.065432099,0.053703704,0.038888889,0.051234568,0.062345679,0.068518519,0.072839506,0.07345679,0.072839506,0.069135802,0.057407407,0.05,0.052469136,0.039506173,0.027160494,0.016666667,0.027160494,0.2,0,0.755555556,0,0.022222222,0.022222222,LD
South Derbyshire,0.054104478,0.059701493,0.0625,0.053171642,0.048507463,0.064365672,0.067164179,0.064365672,0.0625,0.068097015,0.078358209,0.072761194,0.058768657,0.053171642,0.052238806,0.037313433,0.023320896,0.013992537,0.021455224,0.444444444,0.444444444,0,0,0.111111111,0,NOC
South Gloucestershire,0.055440771,0.058884298,0.057506887,0.055785124,0.062327824,0.066804408,0.070592287,0.067837466,0.062327824,0.062327824,0.069903581,0.068526171,0.055440771,0.046487603,0.048553719,0.038911846,0.026515152,0.016528926,0.025826446,0.540983607,0.180327869,0.278688525,0,0,0,CON
South Hams,0.039503386,0.0496614,0.054176072,0.048532731,0.03724605,0.041760722,0.048532731,0.0496614,0.050790068,0.058690745,0.073363431,0.083521445,0.08013544,0.073363431,0.079006772,0.056433409,0.03724605,0.022573363,0.036117381,0.516129032,0,0.322580645,0.064516129,0.096774194,0,CON
South Holland,0.049421661,0.05362776,0.054679285,0.048370137,0.047318612,0.054679285,0.060988433,0.057833859,0.05573081,0.064143007,0.072555205,0.075709779,0.065194532,0.058885384,0.065194532,0.047318612,0.033648791,0.01997897,0.031545741,0.675675676,0,0,0,0.324324324,0,CON
South Kesteven,0.047419805,0.056485356,0.061366806,0.051603905,0.042538354,0.052301255,0.056485356,0.056485356,0.058577406,0.066248257,0.076011158,0.076011158,0.066945607,0.059972106,0.063458856,0.048117155,0.030683403,0.018131102,0.029288703,0.642857143,0.035714286,0.053571429,0,0.25,0.017857143,CON
South Norfolk,0.049330514,0.057082452,0.057082452,0.048625793,0.042283298,0.051444679,0.057787174,0.059901339,0.058491896,0.06483439,0.071176885,0.073995772,0.06483439,0.059196617,0.066243834,0.050035236,0.033826638,0.021141649,0.033826638,0.695652174,0.02173913,0.217391304,0,0.065217391,0,CON
South Oxfordshire,0.053655265,0.059020791,0.061032864,0.050972502,0.042924212,0.055667337,0.062374245,0.064386318,0.065057009,0.069081154,0.076458753,0.072434608,0.060362173,0.050972502,0.052984574,0.042253521,0.030181087,0.018108652,0.028169014,0.277777778,0.083333333,0.361111111,0.138888889,0.138888889,0,NOC
South Ribble,0.04954955,0.056756757,0.058558559,0.051351351,0.046846847,0.055855856,0.063963964,0.06036036,0.059459459,0.066666667,0.074774775,0.076576577,0.063963964,0.056756757,0.06036036,0.043243243,0.02972973,0.017117117,0.026126126,0.44,0.46,0.1,0,0,0,NOC
South Staffordshire,0.044343891,0.049773756,0.050678733,0.047058824,0.048868778,0.053393665,0.056108597,0.056108597,0.053393665,0.061538462,0.0760181,0.079638009,0.071493213,0.062443439,0.066968326,0.054298643,0.037104072,0.02081448,0.031674208,0.734693878,0.020408163,0,0.06122449,0.163265306,0.020408163,CON
South Tyneside,0.052774019,0.057510149,0.058186739,0.050744249,0.049391069,0.058863329,0.066982409,0.063599459,0.057510149,0.058863329,0.070365359,0.075778078,0.071041949,0.059539919,0.056833559,0.037889039,0.029093369,0.01691475,0.025710419,0.018518519,0.759259259,0,0.111111111,0.111111111,0,LAB
Southampton,0.055421687,0.057831325,0.055421687,0.06746988,0.105220884,0.08313253,0.081124498,0.073493976,0.065863454,0.058634538,0.0562249,0.055421687,0.046987952,0.038554217,0.036144578,0.026506024,0.017670683,0.01124498,0.018473896,0.416666667,0.541666667,0.020833333,0,0.020833333,0,LAB
Southend-on-Sea,0.05644715,0.060320974,0.061427781,0.050913116,0.052019923,0.061981184,0.065855008,0.067515219,0.067515219,0.068068622,0.069175429,0.069175429,0.057553957,0.048699502,0.050913116,0.037631433,0.026009961,0.017155506,0.027670172,0.411764706,0.294117647,0.117647059,0,0.176470588,0,NOC
Southwark,0.053298668,0.051673708,0.052648684,0.052648684,0.082872928,0.124471888,0.113747156,0.086122847,0.071173221,0.064673383,0.063373416,0.05719857,0.042898928,0.027299318,0.021774456,0.014299643,0.010724732,0.006174846,0.009749756,0,0.825396825,0.174603175,0,0,0,LAB
Spelthorne,0.058252427,0.062135922,0.059223301,0.049514563,0.047572816,0.058252427,0.07184466,0.073786408,0.07184466,0.066990291,0.070873786,0.070873786,0.05631068,0.044660194,0.045631068,0.034951456,0.027184466,0.017475728,0.02815534,0.384615385,0.076923077,0.179487179,0.076923077,0.282051282,0,NOC
St Albans,0.05802969,0.069500675,0.074898785,0.056005398,0.039811066,0.049932524,0.058704453,0.066126856,0.078272605,0.079622132,0.076248313,0.067476383,0.053306343,0.043184885,0.044534413,0.033063428,0.024966262,0.016869096,0.026990553,0.071428571,0,0.892857143,0.017857143,0.017857143,0,LD
St. Helens,0.052947598,0.056222707,0.057860262,0.051310044,0.051310044,0.062772926,0.067139738,0.063864629,0.058406114,0.06441048,0.073144105,0.072598253,0.062772926,0.054585153,0.05731441,0.040938865,0.028384279,0.016375546,0.024017467,0.041666667,0.604166667,0.083333333,0.125,0.145833333,0,LAB
Stafford,0.048976608,0.054093567,0.05628655,0.046783626,0.046052632,0.057017544,0.062134503,0.05994152,0.059210526,0.064327485,0.075292398,0.073830409,0.06505848,0.057748538,0.061403509,0.048976608,0.032894737,0.018274854,0.029239766,0.5,0.25,0,0.025,0.225,0,NOC
Staffordshire,0.049880151,0.05444584,0.055815546,0.051934711,0.051934711,0.058212533,0.062435795,0.059696382,0.056842826,0.063463075,0.075448008,0.073735875,0.064604497,0.056956968,0.060267093,0.046455884,0.031046684,0.01746376,0.026823422,0.887096774,0.080645161,0,0,0.032258065,0,CON
Staffordshire Moorlands,0.042797495,0.050104384,0.054279749,0.050104384,0.042797495,0.048016701,0.052192067,0.052192067,0.051148225,0.063674322,0.081419624,0.079331942,0.070981211,0.065762004,0.073068894,0.054279749,0.036534447,0.019832985,0.03131524,0.517857143,0.267857143,0.017857143,0,0.196428571,0,CON
Stevenage,0.062569832,0.065921788,0.063687151,0.052513966,0.053631285,0.069273743,0.081564246,0.075977654,0.067039106,0.061452514,0.069273743,0.069273743,0.055865922,0.042458101,0.039106145,0.027932961,0.02122905,0.01452514,0.022346369,0.230769231,0.615384615,0.153846154,0,0,0,LAB
Stockport,0.056309362,0.061397558,0.060719132,0.050203528,0.045454545,0.057666214,0.068181818,0.069199457,0.06614654,0.065128901,0.069877883,0.06953867,0.060040706,0.051899593,0.053256445,0.039009498,0.02917232,0.01797829,0.028154681,0.079365079,0.349206349,0.428571429,0.031746032,0.111111111,0,NOC
Stockton-on-Tees,0.054425229,0.063072228,0.06612411,0.053916582,0.049338759,0.060528993,0.066632757,0.066632757,0.06103764,0.062054934,0.070701933,0.07121058,0.064598169,0.054933876,0.052390641,0.035096643,0.024923703,0.014750763,0.022380468,0.285714286,0.428571429,0.017857143,0,0.267857143,0,NOC
Stoke-on-Trent,0.060371517,0.065789474,0.06501548,0.058436533,0.065789474,0.066176471,0.073916409,0.068111455,0.05998452,0.060371517,0.065402477,0.063080495,0.055727554,0.047600619,0.046052632,0.033668731,0.023219814,0.013544892,0.020897833,0.5,0.272727273,0,0,0.227272727,0,NOC
Stratford-on-Avon,0.046028211,0.051224944,0.055679287,0.047512992,0.040089087,0.049740163,0.055679287,0.054936897,0.057164068,0.065330364,0.076466221,0.078693393,0.069042316,0.061618411,0.066815145,0.053452116,0.035634744,0.021529324,0.034149963,0.527777778,0,0.333333333,0.027777778,0.111111111,0,CON
Stroud,0.046242775,0.055326177,0.06028076,0.052023121,0.041288192,0.050371594,0.053674649,0.055326177,0.058629232,0.067712634,0.078447564,0.0776218,0.070189926,0.061106524,0.063583815,0.046242775,0.031379026,0.019818332,0.030553262,0.37254902,0.117647059,0.058823529,0.254901961,0.196078431,0,NOC
Suffolk,0.048928055,0.054978298,0.056556622,0.051295541,0.049717217,0.05800342,0.061554649,0.058134947,0.056951203,0.061554649,0.070630014,0.071682231,0.064316717,0.058661055,0.064316717,0.047744311,0.032618703,0.020123635,0.032224122,0.72,0.066666667,0.053333333,0.12,0.026666667,0.013333333,CON
Sunderland,0.050328228,0.05543399,0.058351568,0.053245806,0.055069292,0.061998541,0.065645514,0.062363239,0.057257476,0.061269147,0.071115974,0.07293946,0.06892779,0.058716265,0.056528082,0.037199125,0.028081692,0.016411379,0.024434719,0.213333333,0.56,0.186666667,0,0.04,0,LAB
Surrey,0.054525808,0.06159089,0.063585737,0.05801679,0.052780318,0.052281606,0.06042723,0.065746821,0.070401463,0.071980716,0.072562547,0.070068988,0.057268722,0.047128252,0.048541268,0.036987782,0.026597955,0.018202976,0.029507107,0.555555556,0.024691358,0.185185185,0.024691358,0.209876543,0,CON
Surrey Heath,0.049723757,0.058563536,0.064088398,0.054143646,0.04640884,0.054143646,0.059668508,0.064088398,0.067403315,0.072928177,0.077348066,0.074033149,0.059668508,0.048618785,0.050828729,0.039779006,0.027624309,0.019889503,0.029834254,0.485714286,0.028571429,0.257142857,0.057142857,0.171428571,0,NOC
Sutton,0.061068702,0.068225191,0.06870229,0.053912214,0.047232824,0.059637405,0.070133588,0.079198473,0.081583969,0.072996183,0.070133588,0.064885496,0.050572519,0.041030534,0.040076336,0.028148855,0.020515267,0.013835878,0.021946565,0.363636364,0.054545455,0.527272727,0,0.054545455,0,LD
Swale,0.058668425,0.061964403,0.063282795,0.054054054,0.052735662,0.061964403,0.069215557,0.065919578,0.061305208,0.061964403,0.069874753,0.070533949,0.058668425,0.050098879,0.05471325,0.038233355,0.02504944,0.013843111,0.021753461,0.29787234,0.191489362,0.085106383,0.042553191,0.361702128,0.021276596,NOC
Swindon,0.058269066,0.06512425,0.063410454,0.052699229,0.051413882,0.065552699,0.074550129,0.07412168,0.069837189,0.070265638,0.071979434,0.068551842,0.056126821,0.045415596,0.041988003,0.029991431,0.020994002,0.013281919,0.020565553,0.561403509,0.403508772,0,0,0.01754386,0.01754386,CON
Tameside,0.059281696,0.063608827,0.064474254,0.054089139,0.05149286,0.064474254,0.071830376,0.067935958,0.062310688,0.063608827,0.071830376,0.070532237,0.059714409,0.048896582,0.050194721,0.034617049,0.022933795,0.01254868,0.019039377,0.140350877,0.807017544,0,0.01754386,0.035087719,0,LAB
Tamworth,0.055979644,0.059796438,0.062340967,0.053435115,0.053435115,0.064885496,0.071246819,0.066157761,0.059796438,0.066157761,0.073791349,0.066157761,0.059796438,0.054707379,0.053435115,0.038167939,0.022900763,0.012722646,0.019083969,0.633333333,0.1,0,0,0.266666667,0,CON
Tandridge,0.056882821,0.060295791,0.064846416,0.054607509,0.044368601,0.046643914,0.055745165,0.06370876,0.064846416,0.068259386,0.075085324,0.073947668,0.062571104,0.052332196,0.054607509,0.040955631,0.029579067,0.019340159,0.03185438,0.238095238,0,0.238095238,0,0.476190476,0.047619048,NOC
Teignbridge,0.043768546,0.051186944,0.053412463,0.046735905,0.041543027,0.048219585,0.053412463,0.053412463,0.052670623,0.060089021,0.072700297,0.080118694,0.072700297,0.068991098,0.073442136,0.055637982,0.035608309,0.022997033,0.037091988,0.234042553,0,0.446808511,0,0.29787234,0.021276596,NOC
Telford and Wrekin,0.057112069,0.064116379,0.065193966,0.058728448,0.059267241,0.063577586,0.068426724,0.065193966,0.060344828,0.065193966,0.072737069,0.067887931,0.056034483,0.049568966,0.049030172,0.035021552,0.023168103,0.012931034,0.019396552,0.240740741,0.62962963,0.074074074,0,0.037037037,0.018518519,LAB
Tendring,0.045239703,0.050641458,0.052667117,0.046590142,0.045914922,0.0486158,0.051316678,0.046590142,0.046590142,0.054692775,0.068197164,0.074949359,0.0729237,0.069547603,0.081701553,0.062120189,0.042538825,0.025658339,0.040513167,0.4375,0.125,0.041666667,0,0.395833333,0,NOC
Test Valley,0.052873563,0.059770115,0.058237548,0.048275862,0.043678161,0.055938697,0.063601533,0.062835249,0.062835249,0.06743295,0.074329502,0.073563218,0.062835249,0.052873563,0.058237548,0.043678161,0.029118774,0.018390805,0.02835249,0.558139535,0,0.302325581,0,0.139534884,0,CON
Tewkesbury,0.055848261,0.061116965,0.057955743,0.047418335,0.043203372,0.054794521,0.065331928,0.063224447,0.061116965,0.062170706,0.070600632,0.072708114,0.062170706,0.056902002,0.059009484,0.045310854,0.031612223,0.017913593,0.028451001,0.605263158,0,0.184210526,0.026315789,0.184210526,0,CON
Thanet,0.051920341,0.056899004,0.059032717,0.051209104,0.047652916,0.054765292,0.060455192,0.059032717,0.057610242,0.060455192,0.06970128,0.071123755,0.06401138,0.060455192,0.066145092,0.048364154,0.03200569,0.018492176,0.029871977,0.446428571,0.267857143,0,0.107142857,0.178571429,0,NOC
Three Rivers,0.054371002,0.063965885,0.069296375,0.056503198,0.046908316,0.051172708,0.058635394,0.067164179,0.073560768,0.073560768,0.073560768,0.071428571,0.057569296,0.046908316,0.047974414,0.035181237,0.024520256,0.017057569,0.026652452,0.307692308,0.076923077,0.58974359,0.025641026,0,0,LD
Thurrock,0.069886364,0.072159091,0.070454545,0.059659091,0.053977273,0.067045455,0.080113636,0.078409091,0.071022727,0.066477273,0.067045455,0.061363636,0.047727273,0.038068182,0.038636364,0.025,0.017613636,0.010227273,0.016477273,0.591836735,0.285714286,0,0,0.12244898,0,CON
Tonbridge and Malling,0.058245083,0.06429652,0.06580938,0.056732224,0.04387292,0.053706505,0.061270802,0.062783661,0.06580938,0.071104387,0.074886536,0.071104387,0.058245083,0.047655068,0.051437216,0.038577912,0.027231467,0.016641452,0.025718608,0.685185185,0.018518519,0.166666667,0.055555556,0.055555556,0.018518519,CON
Torbay,0.04379038,0.052404882,0.053840632,0.048097631,0.044508256,0.050969131,0.054558507,0.052404882,0.051687006,0.058865757,0.073941134,0.076812635,0.071069634,0.066044508,0.071787509,0.054558507,0.03661163,0.023689878,0.03804738,0.361111111,0,0.333333333,0,0.277777778,0.027777778,NOC
Torridge,0.041116006,0.051395007,0.052863436,0.046989721,0.039647577,0.045521292,0.049926579,0.046989721,0.04845815,0.058737151,0.074889868,0.080763583,0.079295154,0.074889868,0.080763583,0.058737151,0.03671072,0.022026432,0.035242291,0.25,0.083333333,0.055555556,0.055555556,0.527777778,0.027777778,NOC
Tower Hamlets,0.061553335,0.057041573,0.056074766,0.059297454,0.103126007,0.143409604,0.13116339,0.096036094,0.072832743,0.056397035,0.044795359,0.034805027,0.027392846,0.019336126,0.013857557,0.009023526,0.007089913,0.004189494,0.006445375,0.022222222,0.422222222,0,0.022222222,0.533333333,0,IND
Trafford,0.057422373,0.068056146,0.06975755,0.056146321,0.044661846,0.053594215,0.063377286,0.073585708,0.074011059,0.070182901,0.070182901,0.067630795,0.05572097,0.045937899,0.045512548,0.033602722,0.025946406,0.016163335,0.025095704,0.206349206,0.619047619,0.079365079,0.063492063,0.015873016,0.015873016,LAB
Tunbridge Wells,0.053772767,0.061578491,0.070251518,0.056374675,0.041630529,0.052038161,0.058976583,0.063313096,0.06764961,0.073720729,0.078057242,0.070251518,0.05810928,0.047701648,0.051170859,0.039028621,0.026886383,0.018213356,0.029488291,0.270833333,0.145833333,0.3125,0,0.270833333,0,NOC
Uttlesford,0.054764513,0.062431544,0.064622125,0.054764513,0.04271632,0.048192771,0.056955093,0.062431544,0.065717415,0.069003286,0.077765608,0.074479737,0.064622125,0.052573932,0.054764513,0.040525739,0.026286966,0.017524644,0.028477547,0.153846154,0,0.128205128,0.076923077,0.641025641,0,IND
Vale of White Horse,0.056155508,0.060475162,0.061915047,0.052555796,0.045356371,0.060475162,0.068394528,0.068394528,0.065514759,0.066234701,0.069114471,0.069114471,0.059035277,0.050395968,0.052555796,0.039596832,0.027357811,0.017278618,0.028077754,0.157894737,0,0.789473684,0.026315789,0.026315789,0,LD
Wakefield,0.05689216,0.05943957,0.058873479,0.050665157,0.050948203,0.0670818,0.071610529,0.0670818,0.058590433,0.06453439,0.074440985,0.070761393,0.060854798,0.052080385,0.052363431,0.037362015,0.025191056,0.014435324,0.021511463,0.158730159,0.714285714,0.047619048,0,0.079365079,0,LAB
Walsall,0.06406195,0.068637804,0.068989792,0.060894051,0.057022175,0.063357973,0.068989792,0.06687786,0.06124604,0.060894051,0.067581837,0.063357973,0.054206265,0.045406547,0.043998592,0.034846885,0.026047166,0.015839493,0.023935234,0.616666667,0.333333333,0,0,0.05,0,CON
Waltham Forest,0.068247126,0.0625,0.059626437,0.054238506,0.056034483,0.080818966,0.10237069,0.097341954,0.082974138,0.069324713,0.065014368,0.055675287,0.043462644,0.031609195,0.025862069,0.018318966,0.014008621,0.007902299,0.012212644,0.216666667,0.766666667,0,0,0.016666667,0,LAB
Wandsworth,0.057099237,0.051603053,0.047938931,0.04,0.072671756,0.145648855,0.117557252,0.089465649,0.075114504,0.06351145,0.05740458,0.049465649,0.036946565,0.02778626,0.025343511,0.01740458,0.012824427,0.007633588,0.01221374,0.379310345,0.603448276,0,0,0.017241379,0,LAB
Warrington,0.050260787,0.058795638,0.060692271,0.052631579,0.049786629,0.059269796,0.065908013,0.067330488,0.064959697,0.067804647,0.076339497,0.075391181,0.060692271,0.050734945,0.050734945,0.038880986,0.027501185,0.014698909,0.022285443,0.172413793,0.586206897,0.137931034,0,0.086206897,0.017241379,LAB
Warwick,0.04983165,0.055218855,0.054545455,0.062626263,0.072727273,0.063973064,0.070707071,0.066666667,0.063973064,0.063973064,0.067340067,0.065319865,0.053872054,0.047811448,0.048484848,0.038383838,0.026936027,0.016835017,0.026936027,0.386363636,0.113636364,0.204545455,0.181818182,0.113636364,0,NOC
Warwickshire,0.0519437,0.056970509,0.057975871,0.053619303,0.053451743,0.060154155,0.067191689,0.064008043,0.061159517,0.064678284,0.072218499,0.070878016,0.060154155,0.0519437,0.054624665,0.043063003,0.028987936,0.017091153,0.026977212,0.736842105,0.105263158,0.087719298,0.052631579,0.01754386,0,CON
Watford,0.063538612,0.066471163,0.065493646,0.053763441,0.051808407,0.075268817,0.086021505,0.08797654,0.08113392,0.071358749,0.066471163,0.056695992,0.044965787,0.035190616,0.032258065,0.023460411,0.017595308,0.010752688,0.017595308,0,0.25,0.75,0,0,0,LD
Waverley,0.050702028,0.060842434,0.067082683,0.062402496,0.043681747,0.042121685,0.049921997,0.05850234,0.065522621,0.074882995,0.075663027,0.070982839,0.060062402,0.050702028,0.055382215,0.044461778,0.031201248,0.022620905,0.036661466,0.315789474,0.035087719,0.298245614,0.035087719,0.298245614,0.01754386,NOC
Wealden,0.044971893,0.053091818,0.056214866,0.050593379,0.041848844,0.046221112,0.04996877,0.04996877,0.052467208,0.062460962,0.075577764,0.079325422,0.071830106,0.0649594,0.071830106,0.055590256,0.036227358,0.022485946,0.036227358,0.622222222,0,0.133333333,0.088888889,0.155555556,0,CON
Welwyn Hatfield,0.055045872,0.06088407,0.059216013,0.067556297,0.088407006,0.065054212,0.068390325,0.069224354,0.066722269,0.062552127,0.064220183,0.063386155,0.052543786,0.040867389,0.039199333,0.029190992,0.022518766,0.015846539,0.025854879,0.541666667,0.208333333,0.25,0,0,0,CON
West Berkshire,0.051425031,0.060099133,0.065675341,0.05638166,0.045229244,0.053903346,0.059479554,0.062577447,0.065055762,0.071251549,0.078066914,0.073110285,0.061957869,0.052664188,0.053283767,0.039033457,0.026022305,0.015489467,0.024783147,0.558139535,0,0.372093023,0.069767442,0,0,CON
West Devon,0.038528897,0.047285464,0.054290718,0.050788091,0.036777583,0.042031524,0.045534151,0.049036778,0.049036778,0.059544658,0.07530648,0.085814361,0.078809107,0.071803853,0.078809107,0.057793345,0.038528897,0.022767075,0.036777583,0.548387097,0,0.032258065,0.064516129,0.35483871,0,CON
West Lancashire,0.044293015,0.051107325,0.055366269,0.075809199,0.068994889,0.050255537,0.055366269,0.053662692,0.051959114,0.060477002,0.072402044,0.075809199,0.064735945,0.057069847,0.060477002,0.045144804,0.031516184,0.017035775,0.026405451,0.37037037,0.462962963,0,0,0.166666667,0,NOC
West Lindsey,0.046218487,0.055672269,0.055672269,0.049369748,0.043067227,0.050420168,0.053571429,0.054621849,0.052521008,0.05987395,0.075630252,0.079831933,0.072478992,0.066176471,0.070378151,0.052521008,0.033613445,0.018907563,0.028361345,0.472222222,0,0.361111111,0,0.166666667,0,NOC
West Northamptonshire,0.056377731,0.062015504,0.06319004,0.056142824,0.056847545,0.064129669,0.072351421,0.069767442,0.066948555,0.067653277,0.070941978,0.067888184,0.055203195,0.046511628,0.048155978,0.033591731,0.021846371,0.013154804,0.020671835,0.698924731,0.215053763,0.053763441,0,0.032258065,0,CON
West Oxfordshire,0.049912434,0.057793345,0.060420315,0.050788091,0.046409807,0.057793345,0.062171629,0.061295972,0.061295972,0.064798599,0.073555166,0.074430823,0.063047285,0.054290718,0.056917688,0.043782837,0.029772329,0.019264448,0.031523643,0.387755102,0.183673469,0.306122449,0.040816327,0.06122449,0.020408163,NOC
West Suffolk,0.054505006,0.057285873,0.054505006,0.04894327,0.05839822,0.070077864,0.071746385,0.064516129,0.059510567,0.060622914,0.068409344,0.066740823,0.0567297,0.050611791,0.056173526,0.042825362,0.03003337,0.017241379,0.027808676,0.609375,0.0625,0,0.015625,0.28125,0.03125,CON
West Sussex,0.050413504,0.056531098,0.058457007,0.050979948,0.046335108,0.054152034,0.061289226,0.06185567,0.062195536,0.064801178,0.071145349,0.071145349,0.062422114,0.05539821,0.060382916,0.045768664,0.0322873,0.020731845,0.034213209,0.657142857,0.128571429,0.157142857,0.014285714,0.042857143,0,CON
Wigan,0.054054054,0.058609171,0.060127543,0.052839356,0.051928333,0.063164288,0.069541452,0.065897358,0.059520194,0.064986335,0.075918615,0.070452475,0.059823869,0.051320984,0.055572426,0.040996052,0.025812329,0.013058002,0.019435166,0.093333333,0.813333333,0,0,0.093333333,0,LAB
Wiltshire,0.05015674,0.057797806,0.059365204,0.053487461,0.047413793,0.056034483,0.060736677,0.059952978,0.05799373,0.065438871,0.073667712,0.074451411,0.064851097,0.056426332,0.058581505,0.043887147,0.029976489,0.018808777,0.029780564,0.612244898,0.030612245,0.285714286,0,0.071428571,0,CON
Winchester,0.047058824,0.057254902,0.060392157,0.072156863,0.064313725,0.049411765,0.053333333,0.057254902,0.061960784,0.065882353,0.070588235,0.070588235,0.060392157,0.050980392,0.054117647,0.042352941,0.029803922,0.018823529,0.031372549,0.288888889,0,0.622222222,0.022222222,0.066666667,0,LD
Windsor and Maidenhead,0.052117264,0.059934853,0.068403909,0.058631922,0.044299674,0.052117264,0.060586319,0.067752443,0.072964169,0.074918567,0.076221498,0.070358306,0.05732899,0.046905537,0.047557003,0.036482085,0.026058632,0.016938111,0.027361564,0.536585366,0,0.243902439,0,0.219512195,0,CON
Wirral,0.050905684,0.058713304,0.059962523,0.053091818,0.047158026,0.055902561,0.061836352,0.059962523,0.057464085,0.061836352,0.071830106,0.074640849,0.067145534,0.059025609,0.059650219,0.041848844,0.030293567,0.018425984,0.029044347,0.348484848,0.393939394,0.090909091,0.136363636,0.015151515,0.015151515,NOC
Woking,0.059672762,0.064485082,0.065447546,0.051010587,0.047160731,0.06159769,0.070259865,0.076034649,0.07892204,0.073147257,0.068334937,0.064485082,0.052935515,0.043310876,0.042348412,0.030798845,0.023099134,0.015399423,0.025024062,0.266666667,0.1,0.533333333,0,0.1,0,LD
Wokingham,0.055774648,0.068732394,0.070422535,0.056901408,0.046197183,0.052957746,0.06028169,0.070422535,0.078309859,0.074929577,0.070985915,0.067042254,0.055211268,0.043943662,0.045070423,0.034366197,0.024225352,0.015774648,0.024225352,0.481481481,0.055555556,0.425925926,0,0.037037037,0,NOC
Wolverhampton,0.061812666,0.067121729,0.068259386,0.058399697,0.059916572,0.064846416,0.071672355,0.069776261,0.065984073,0.064467198,0.068638604,0.062191885,0.053469852,0.044747819,0.040955631,0.030716724,0.023890785,0.015168752,0.023890785,0.266666667,0.733333333,0,0,0,0,LAB
Worcester,0.051010587,0.055822907,0.057747834,0.060635226,0.072184793,0.068334937,0.071222329,0.06641001,0.062560154,0.064485082,0.071222329,0.068334937,0.054860443,0.048123195,0.047160731,0.034648701,0.024061598,0.015399423,0.023099134,0.428571429,0.342857143,0.057142857,0.171428571,0,0,NOC
Worcestershire,0.049039099,0.055168986,0.05732273,0.052849569,0.049536117,0.055500331,0.06047051,0.058648111,0.058482439,0.063452618,0.073724321,0.073392975,0.063783963,0.058979457,0.062127237,0.046719682,0.0314778,0.018721007,0.029324056,0.771929825,0.070175439,0.070175439,0.052631579,0.035087719,0,CON
Worthing,0.048473968,0.05475763,0.056552962,0.048473968,0.046678636,0.055655296,0.063734291,0.062836625,0.063734291,0.068222621,0.073608618,0.070915619,0.060143627,0.052064632,0.059245961,0.043985637,0.032315978,0.02064632,0.035906643,0.324324324,0.621621622,0.027027027,0,0.027027027,0,LAB
Wychavon,0.046792453,0.052075472,0.053584906,0.049056604,0.043018868,0.052075472,0.057358491,0.055849057,0.055849057,0.063396226,0.076226415,0.077735849,0.067924528,0.063396226,0.067924528,0.050566038,0.034716981,0.019622642,0.031698113,0.777777778,0,0.133333333,0.066666667,0.022222222,0,CON
Wyre,0.043789097,0.050044683,0.053619303,0.050938338,0.042895442,0.049151028,0.051831993,0.051831993,0.049151028,0.057193923,0.071492404,0.078641644,0.075067024,0.067917784,0.075067024,0.056300268,0.041108132,0.024128686,0.037533512,0.72,0.16,0,0,0.12,0,CON
Wyre Forest,0.047244094,0.054133858,0.05511811,0.049212598,0.046259843,0.053149606,0.058070866,0.05511811,0.054133858,0.062992126,0.075787402,0.073818898,0.062992126,0.062007874,0.070866142,0.05511811,0.034448819,0.019685039,0.029527559,0.424242424,0.060606061,0.090909091,0.03030303,0.393939394,0,NOC
York,0.042406312,0.048816568,0.050788955,0.07495069,0.100591716,0.064102564,0.063609467,0.061637081,0.058678501,0.058678501,0.065581854,0.064102564,0.055719921,0.048323471,0.051775148,0.036982249,0.027120316,0.016765286,0.026627219,0.042553191,0.361702128,0.446808511,0.063829787,0.085106383,0,NOC
,,,,,,,,,,,,,,,,,,,,,,,,,,
