Area name,All persons,Aged 4 years and under,Aged 5 to 9 years,Aged 10 to 14 years,Aged 15 to 19 years,Aged 20 to 24 years,Aged 25 to 29 years,Aged 30 to 34 years,Aged 35 to 39 years,Aged 40 to 44 years,Aged 45 to 49 years,Aged 50 to 54 years,Aged 55 to 59 years,Aged 60 to 64 years,Aged 65 to 69 years,Aged 70 to 74 years,Aged 75 to 79 years,Aged 80 to 84 years,Aged 85 to 89 years,Aged 90 years and over,Density,Male,Female,Con,Lab,LibDem,Green,Other,Vacant,Total,Total: All usual residents aged 16 years and over,No qualifications,Level 1 and entry level qualifications,Level 2 qualifications,Apprenticeship,Level 3 qualifications,Level 4 qualifications or above,Other qualifications,Majority
Adur,64500,3200,3900,3800,3200,2700,3200,3700,3900,4100,4500,4700,4500,4000,3600,4000,3100,2300,1400,800,1533,33300,31200,16,9,0,2,2,0,29,52951,10333,6065,7949,3325,9055,14784,1440,CON
Amber Valley,126200,6100,6700,7100,6000,6000,7200,7500,7200,7200,8400,9900,9800,8400,7500,8200,5900,3700,2100,1200,475,64200,62000,25,9,0,3,8,0,45,105060,20668,10975,15009,7032,18723,30265,2388,CON
Arun,164800,7300,8200,8300,7600,7400,8400,9300,9000,8700,9400,11400,11900,11000,10700,12600,9700,6800,4300,2800,746,85400,79400,23,1,17,3,10,0,54,139552,27534,16142,21323,9101,23983,36839,4630,NOC
Ashford,132700,7600,8300,8600,7300,6500,8000,8800,8300,8200,8500,10000,9300,7500,6700,7200,5400,3500,2100,1100,229,68200,64600,23,6,0,4,14,0,47,106766,18829,12098,16412,5952,18232,32148,3095,NOC
Babergh,92300,4000,4700,5200,4800,4000,4300,4800,4700,5100,5800,6900,7200,6300,5900,6800,5100,3400,2000,1200,155,47500,44800,10,1,3,4,14,0,32,77377,13491,8642,12142,4783,13410,22817,2092,NOC
Barking and Dagenham,218900,17200,18300,18200,15100,13200,15200,18100,18600,17100,14900,13800,11300,8600,5900,4800,3200,2600,1500,1000,6064,112400,106500,0,49,0,0,1,1,51,161746,36796,16752,20367,6260,21819,53791,5961,LAB
Barnet,389300,24100,25200,25800,21500,22400,28000,30200,30800,30100,27500,25600,22900,19100,15400,14400,10500,7400,5100,3300,4487,200900,188400,22,40,0,0,1,0,63,309354,47762,21302,30687,9630,38541,151642,9790,LAB
Barnsley,244600,13500,14400,14400,12300,12400,16100,16800,15700,13800,15300,18700,18000,15600,13400,13100,9600,6200,3600,1800,743,124300,120300,3,45,9,0,5,1,63,199790,50329,21589,28977,13193,33652,46798,5252,LAB
Basildon,187600,12200,12500,12000,10200,9700,12300,14000,13100,12100,11900,13000,12300,10500,8400,8800,6100,4400,2800,1400,1705,96600,91000,25,10,0,0,7,0,42,148663,30827,19440,24489,7966,25316,36541,4084,CON
Basingstoke and Deane,185200,10600,11600,11200,9100,9200,11900,13700,13200,12700,12900,13700,13000,10400,8500,8900,6400,4300,2500,1400,292,93500,91700,26,9,7,1,11,0,54,149807,21302,15914,21571,7405,27027,52806,3782,NOC
Bassetlaw,117800,6000,6600,6600,5800,5700,6900,7200,6800,6600,7500,8900,9200,7800,6800,7300,5400,3500,2000,1100,185,59400,58400,6,34,2,0,6,0,48,97367,21013,10651,14392,6514,16961,24848,2988,LAB
Bedford,185300,11200,11700,12000,10300,10000,11900,13600,13300,13000,12300,13000,12000,10000,8400,8400,5900,4200,2700,1600,389,94100,91200,12,11,13,2,1,1,40,148118,24813,15366,19977,8263,23976,51411,4312,NOC
Bexley,246500,15000,16200,16400,14100,13500,14900,17100,17700,17100,16000,17300,16600,13600,10700,10500,7800,6000,3800,2200,4069,128000,118500,32,12,0,0,1,0,45,195825,35582,21413,28535,10225,32511,61837,5722,CON
Birmingham,1144900,75000,81300,83100,86400,93200,82600,84800,80600,74000,68000,69900,62700,52600,42600,37300,28100,21000,13600,7900,4275,584300,560500,22,65,12,2,0,0,101,889623,212198,90079,111212,32425,152046,265806,25857,LAB
Blaby,102900,5700,6200,6100,5300,4800,6100,6900,6800,6400,6600,7400,7100,6300,5400,5800,4200,3000,1800,900,789,52500,50400,21,6,6,1,3,2,39,83667,14463,8373,11882,5944,15427,25547,2031,CON
Blackburn with Darwen,154800,10100,11200,11700,10900,9500,10100,10600,10800,10000,9900,10300,9400,8000,6700,6200,4100,2900,1700,900,1130,78100,76800,13,37,1,0,0,0,51,119508,28923,12968,16574,6550,18823,32054,3616,LAB
Blackpool,141100,7400,7900,7900,7400,7400,8600,9500,8500,7700,8600,10500,11000,9400,7700,7900,5800,4200,2400,1300,4046,71400,69700,13,20,0,0,9,0,42,116340,28575,13677,17470,7889,19382,26177,3170,NOC
Bolsover,80300,4100,4500,4500,3900,4200,5300,5400,5000,4400,5200,6400,6000,5300,4400,4400,3500,2100,1200,600,501,40700,39600,3,19,0,0,14,1,37,66278,16018,7697,10066,4516,11771,14406,1804,LAB
Bolton,296000,18500,20400,20800,18300,16600,17800,20000,19900,18500,18800,20100,19200,16200,13900,14200,10100,6800,3800,2000,2117,150100,145900,25,19,5,0,11,0,60,232287,52451,24792,32352,14327,38190,63678,6497,NOC
Boston,70500,3600,4200,4300,3800,3600,4300,4800,4700,4200,4600,4800,4900,4300,3800,3800,2900,2000,1200,700,194,35800,34700,13,2,0,0,14,1,30,57584,15921,7317,8274,4241,8157,10963,2711,NOC
"Bournemouth, Christchurch and Poole",400300,18900,21200,21300,22300,27000,23800,26200,26200,25400,24700,26900,26500,23400,20800,22600,17100,12300,8200,5400,2470,204800,195400,33,3,13,2,24,1,76,334908,53317,33102,47335,20187,63771,107437,9759,NOC
Bracknell Forest,124600,7100,7900,8100,7100,6400,8200,9300,9400,9200,8800,9000,8400,6900,5500,5000,3500,2400,1500,800,1139,63200,61400,37,4,1,0,0,0,42,99933,13183,10581,14929,5171,17874,35578,2617,CON
Bradford,546400,36100,39600,41400,37800,33100,34500,38000,38200,35700,33800,34300,32200,28800,24100,22400,14400,11100,7100,3900,1491,278900,267500,20,52,6,6,6,0,90,421574,101122,46051,57458,22777,66275,115663,12228,LAB
Braintree,155200,8500,9000,9400,8200,7500,9200,9900,9700,9500,10500,11900,11100,9300,8400,9000,6300,4200,2400,1400,254,79100,76100,33,3,0,6,6,1,49,126566,23238,15569,21107,7466,23081,32674,3431,CON
Breckland,141500,6800,7700,7700,6700,6700,8100,8500,7800,7700,8600,10100,10500,9300,8800,9700,7300,4900,3000,1700,108,71400,70100,35,7,0,2,4,1,49,117852,26228,14196,18382,8066,19911,27207,3862,CON
Brent,339800,20000,19800,20900,20600,24600,29300,29800,27700,25400,23100,22800,19900,16400,12300,9600,7000,5500,3300,1800,7859,173100,166800,5,49,3,0,0,0,57,275143,59770,24296,26148,9529,34338,109998,11064,LAB
Brentwood,77000,4300,4600,4500,3900,3600,4700,5200,5000,5000,5000,5600,5600,4500,3800,4000,2900,2200,1600,1000,503,39600,37400,19,2,14,0,1,1,37,62868,9482,6071,9668,2966,10790,22248,1643,CON
Brighton and Hove,277200,11700,13000,14200,17800,28000,21000,20500,19400,19300,20400,20900,18400,13600,10900,10300,7100,5200,3400,2200,3346,141600,135600,10,16,0,20,7,1,54,235367,29215,16545,25067,8052,46359,104790,5339,NOC
Bristol,472400,25900,26800,25600,29600,47500,44400,43900,37800,31200,27100,26400,25000,20500,16900,16000,11300,8200,5200,3200,4308,237900,234500,14,24,5,25,2,0,70,389708,56657,29350,41789,15282,73981,164106,8543,NOC
Broadland,131700,5900,6800,7200,6300,5500,6500,7200,7400,7600,8600,9900,10000,8800,8200,9200,6900,5000,3100,1700,239,67500,64300,28,2,12,2,1,2,47,110506,19415,12253,17364,8114,20032,30320,3008,CON
Bromley,330000,19500,20600,20900,17200,14700,18300,22400,24800,25100,23700,23900,22400,18300,14500,15400,11200,8200,5600,3400,2198,171700,158200,35,12,5,0,6,0,58,265088,36581,23030,35258,10559,39420,113508,6732,CON
Bromsgrove,99200,5200,5700,6100,5300,4300,4800,5500,5800,6000,6600,7500,7400,6300,5700,5800,4700,3200,2100,1300,457,50700,48400,18,3,3,0,7,0,31,81101,12725,7355,11428,4338,13476,29698,2081,CON
Broxbourne,99000,6000,6200,6300,5500,5200,6100,7000,7100,6700,6400,7200,6800,5500,4300,4500,3400,2500,1600,900,1924,51100,47900,26,3,0,0,0,1,30,79437,16557,9349,11727,4508,13270,21689,2337,CON
Broxtowe,110900,5300,6100,6000,5700,6300,7100,7500,7000,6500,6800,7800,7900,6800,6000,6700,4900,3400,2100,1100,1385,56500,54400,19,14,7,0,4,0,44,92539,16079,8758,11486,5535,16771,31640,2270,NOC
Buckinghamshire,553100,30900,35200,36800,30800,25600,30200,34200,36400,38200,38500,40700,39300,32700,26800,27100,20400,14700,9300,5400,353,282700,270300,112,6,16,1,12,0,147,443395,60981,39427,59473,21261,69811,181721,10721,CON
Burnley,94700,5800,6200,6300,5500,5200,6100,6800,6300,5700,5700,6300,6300,5600,4700,4800,3300,2100,1200,700,856,47800,46800,6,19,8,6,5,1,45,75199,18347,8368,10415,4920,12610,18299,2240,NOC
Bury,193800,11200,12500,12800,11200,9600,11500,13500,13400,12100,12500,13400,13500,11300,9400,10000,7000,4800,2800,1400,1949,98800,95100,12,28,1,0,10,0,51,154873,28706,15069,22659,8605,25587,50036,4211,LAB
Calderdale,206600,11300,12800,13300,11600,10100,12000,12900,13000,12600,13800,15800,15100,12900,10900,11100,7700,5000,2900,1700,568,105900,100700,15,28,6,1,1,0,51,166634,31965,16313,23351,10524,29096,51419,3966,LAB
Cambridge,145700,6300,6700,6600,11500,20400,16300,13500,10500,9100,8000,7800,6900,5300,4600,4100,3100,2300,1500,1000,3580,72700,73000,0,28,9,3,1,1,42,124765,11957,5989,8592,3236,22686,69666,2639,LAB
Cambridgeshire,678600,34500,38700,38800,38500,43900,46200,47800,45700,44200,44500,46700,44900,37800,33100,34200,25300,17300,10400,6200,223,343200,335400,27,9,22,0,3,0,61,559647,84271,49814,68398,27623,92735,222792,14014,NOC
Camden,210100,10000,9900,10400,13800,20200,22000,20500,16500,14500,13400,13300,11800,9100,7100,6500,4800,3300,1900,1200,9647,110600,99500,3,46,5,1,0,0,55,177909,20948,8996,12776,3402,25154,101932,4701,LAB
Cannock Chase,100500,5600,5700,5700,5100,5200,6700,7100,6400,5600,6400,7800,7500,6100,5300,5300,4000,2700,1400,800,1274,51000,49500,23,10,2,2,4,0,41,82478,18134,9826,13079,4989,15521,18748,2181,CON
Canterbury,157400,6800,7700,8400,12600,15800,8700,8400,8300,8200,9000,9900,10200,9100,8500,9400,6900,4700,2800,1900,510,81800,75600,19,9,6,1,3,1,39,132775,21555,11845,16598,6456,28827,43896,3598,NOC
Central Bedfordshire,294200,17800,18500,17900,14800,14000,18000,21200,20800,19500,19400,21100,21000,17500,14400,14700,10600,6900,4100,2200,411,149100,145100,39,1,3,0,15,1,59,236759,35598,24650,34892,14069,43107,78654,5789,CON
Charnwood,183900,9200,9900,9900,13700,16100,11000,11800,11600,10700,11000,12300,11700,10500,9300,9300,6900,4600,2900,1600,659,91900,92000,37,12,0,1,2,0,52,153100,24122,13858,18970,8982,33746,49884,3538,CON
Cherwell,161000,9400,9400,9800,8300,7900,10700,12200,11900,10900,10600,11500,11200,9100,7500,7600,5400,3800,2400,1400,273,81100,79900,25,9,7,2,5,0,48,130588,20951,13727,18169,7305,20982,45840,3614,CON
Cheshire East,398800,19900,22100,22900,19700,17600,21700,24300,24500,23900,26400,30300,30500,25600,22300,24400,18000,12500,7600,4400,342,203200,195500,29,24,4,0,22,3,82,329473,49524,28571,45115,19394,55373,123785,7711,NOC
Cheshire West and Chester,357200,17600,19800,20300,18700,19700,21300,22500,22400,20900,22900,26000,26600,22700,19800,20600,15000,10700,6200,3600,388,182800,174400,28,33,2,1,6,0,70,295358,46771,27467,40467,15914,52461,105387,6891,NOC
Chesterfield,103600,5100,5600,5800,4900,5300,6600,6500,6100,6000,6700,7700,7900,6900,6000,6000,4500,3000,1800,1000,1569,52700,50900,0,29,17,0,2,0,48,86001,17380,9384,13050,5515,15449,23053,2170,LAB
Chichester,124100,5300,6100,6600,6500,6500,6200,6400,6400,6500,7200,8500,9400,8800,8000,8800,6900,4900,3100,2000,158,64600,59500,17,1,11,2,5,0,36,104710,15536,9263,14360,5336,18587,38992,2636,NOC
Chorley,117800,6100,7000,7000,5900,5300,6600,7700,7800,7400,8000,9000,8700,7300,6400,7000,5000,3200,1700,900,581,59100,58700,10,31,0,0,1,0,42,96369,15422,9007,13468,6465,17264,32614,2129,LAB
Colchester,192700,10800,11800,11600,11300,13900,12600,13500,12900,12600,12400,13000,12000,10000,8600,9700,6900,4600,2800,1700,587,98400,94300,19,15,15,2,0,0,51,156342,24043,16123,23196,8139,30420,50401,4020,NOC
Cornwall,570300,25500,30300,31200,29300,28600,28500,31500,30900,31300,34800,40700,43100,40500,37400,40400,29400,18800,11400,6800,161,293700,276700,46,5,13,1,22,0,87,477425,77919,47676,72367,31455,89955,145890,12163,CON
Coventry,345300,20400,22000,22100,25400,31600,24500,25500,24100,21800,20300,21400,19600,16300,13400,12700,10000,7300,4400,2600,3501,173100,172200,15,36,0,1,2,0,54,276873,53671,27542,34920,14284,52525,84691,9240,LAB
Crawley,118500,7600,8100,7800,6500,6600,8600,10000,9800,9000,7800,7700,7100,6100,4600,4200,2700,1900,1400,900,2635,59500,59000,16,19,0,0,0,1,36,93567,16682,12423,15256,4895,15358,25773,3180,NOC
Croydon,390800,25200,25000,25400,22300,21600,27500,31600,31200,28600,26000,27100,25800,20300,15300,13800,9700,7200,4600,2500,4519,203000,187800,33,34,1,2,0,0,70,310397,49877,28370,38241,11786,45535,127342,9246,NOC
Dacorum,155100,9600,9900,10000,8000,7100,9100,10900,11100,11000,10700,10800,10700,9100,7300,7000,5000,3700,2500,1500,730,78900,76100,31,0,19,0,1,0,51,123780,18167,12499,17595,5928,19844,46745,3002,CON
Darlington,107800,5500,6300,6600,5800,5400,6400,7000,6600,6600,6900,7800,7900,7000,6000,6000,4200,3100,1800,1000,546,55100,52700,24,16,3,2,5,0,50,88107,16972,8276,12733,6215,16141,25517,2253,NOC
Dartford,116800,8300,8300,8000,6200,5600,7900,9900,9600,8800,7800,7700,7100,5600,4300,4200,3000,2300,1400,800,1606,59600,57200,29,7,0,0,6,0,42,90700,14717,10008,13850,5055,15187,29362,2521,CON
Derby,261400,15200,16900,17000,16400,18600,18400,18300,18200,16500,16400,17200,16200,13300,11300,11100,8100,6200,3900,2200,3350,131900,129500,17,16,7,0,9,2,51,209189,42141,21586,27706,13064,36230,62097,6365,NOC
Derbyshire,794600,38300,43100,44700,39100,38000,46400,48300,46300,45300,52000,62200,61800,53400,46700,48600,36200,23200,13600,7300,312,404800,389800,42,15,4,1,2,0,64,659820,124474,68559,95890,43063,118011,193963,15860,CON
Derbyshire Dales,71500,2600,3300,3800,3500,2800,3000,3100,3200,3700,4700,5900,6300,5700,5100,5500,4100,2700,1600,900,90,36600,34900,19,4,7,2,6,1,39,61058,9583,5301,8121,3173,9588,23939,1353,CON
Devon,811600,35300,41300,43200,44900,44200,40700,43800,43400,42800,47800,57200,60900,56600,52300,56700,42700,28500,18000,11200,124,417600,394000,38,7,9,2,4,0,60,683469,106332,67117,98119,42272,127171,224689,17769,CON
Doncaster,308100,16900,18100,18600,16100,16200,20200,21900,20100,18000,18700,21800,22000,19600,16500,16300,11500,8100,5000,2400,542,155400,152800,11,40,0,0,4,0,55,250928,61805,28721,37907,16765,41594,56931,7205,LAB
Dorset,379600,15000,18200,20300,19100,15300,16800,18300,18300,18800,21700,26900,29800,28800,27000,30400,22900,15800,9900,6300,152,195200,184400,43,1,27,5,6,0,82,321902,50834,33549,48267,21943,56884,101298,9127,CON
Dover,116400,5700,6500,6800,6000,5400,6600,6900,6600,6300,6700,8100,8800,8100,7400,7700,5700,3700,2200,1200,369,59600,56800,20,10,0,0,1,1,32,96130,18706,10741,14905,5682,17218,25951,2927,CON
Dudley,323500,18200,19800,19300,17800,17000,20400,21400,20200,18900,20100,23500,22200,18600,16800,17000,13800,9700,5800,2900,3302,164500,159000,45,26,0,0,1,0,72,262488,60569,28475,39480,15703,45064,65589,7608,CON
Durham,522100,24800,28400,29500,31200,33100,29200,30700,30600,29200,31600,37900,39500,35100,31000,30700,21700,15100,8500,4300,235,266800,255300,22,55,17,1,30,1,126,433958,90804,41359,61724,27061,86414,116019,10577,NOC
Ealing,367100,21500,22200,23600,21800,22600,28900,30800,30800,29700,26400,24700,21900,17600,13600,11400,8000,6000,3600,1900,6609,186300,180800,5,59,6,0,0,0,70,295371,52925,23821,27461,10012,37920,130981,12251,LAB
East Cambridgeshire,87700,4500,5300,5500,4400,3600,4700,5500,5800,5900,6200,6500,6200,5300,4700,5000,3600,2500,1500,900,135,44700,43000,16,0,9,0,3,0,28,71429,11824,6993,9636,4385,11736,25007,1848,CON
East Devon,150800,6500,7700,7700,7100,6200,6900,7400,7600,7700,8800,10500,10900,10600,10300,11900,9400,6600,4200,2800,185,78200,72600,21,1,7,2,28,1,60,127389,19207,12653,19009,8200,21722,43114,3484,NOC
East Hampshire,125700,6000,7000,7500,6800,5400,6200,6800,7000,7500,8400,9600,9900,8700,7300,7700,5900,4100,2600,1500,244,64700,61000,31,0,8,1,3,0,43,103830,13605,9076,15052,4996,18474,40207,2420,CON
East Hertfordshire,150100,8300,8900,9800,8200,7000,8900,9600,9700,10100,11000,11400,11000,8900,7100,7500,5200,3700,2500,1300,316,76700,73500,40,2,6,2,0,0,50,121152,16756,11407,17400,5691,20392,46724,2782,CON
East Lindsey,142300,5600,6500,7300,6400,5900,6600,6900,6300,6300,7700,10200,11700,11500,11100,12200,9200,5800,3200,1800,81,72800,69500,31,6,1,0,17,0,55,121418,30632,13930,18400,8542,20068,26133,3713,CON
East Riding of Yorkshire,342200,14700,17400,18400,16800,14400,16800,18000,18000,18000,21500,25600,27100,24900,23100,25400,17900,12700,7400,4000,142,174400,167800,42,0,13,0,12,0,67,288140,52477,28930,40565,20621,49602,87851,8094,CON
East Staffordshire,124000,7000,7500,7600,6800,6500,8100,8700,8100,7600,7900,9000,8700,7600,6200,6200,4700,3100,1900,1000,320,62000,62000,23,11,1,0,4,0,39,100508,20231,10759,14594,6021,17079,28826,2998,CON
East Suffolk,245900,10600,12500,13600,12200,10700,11900,12600,12300,12600,14700,17600,18700,17600,16600,18700,14000,9400,6000,3600,195,126100,119700,39,7,3,5,1,0,55,206719,40105,23295,31039,14261,34993,56968,6058,CON
East Sussex,545800,25000,28700,30600,27600,24300,26600,29500,29000,29600,33500,39900,41600,37500,34600,38500,28800,19800,12700,8100,319,283700,262100,27,5,11,4,3,0,50,455639,78950,49001,68015,25590,78092,142839,13152,CON
Elmbridge,138800,8400,9900,9900,7400,5100,6000,7500,9200,11200,11300,10600,9700,7700,6300,6300,4700,3500,2400,1600,1460,71700,67000,15,0,13,0,20,0,48,108774,11753,7048,12442,3515,14811,56677,2528,NOC
Enfield,330000,21300,22800,24100,21300,19100,21200,23100,24000,24600,22700,22700,21100,17100,12800,11200,8200,6500,4100,2300,4083,172500,157500,25,38,0,0,0,0,63,257182,57813,24151,29005,10055,34476,93371,8311,LAB
Epping Forest,135000,7900,7700,7900,7000,6800,7600,8900,9000,9100,8900,10000,9900,8100,6700,7000,5200,3600,2300,1500,398,69400,65600,34,0,4,2,17,1,58,109929,20734,11388,16115,5490,17575,35632,2995,CON
Erewash,112900,5500,6400,6300,5700,5700,7000,7600,7000,6600,7400,8800,8500,7000,6100,6400,4800,3200,2000,1000,1030,57500,55400,26,15,1,0,5,0,47,93530,18530,10440,14022,6983,17036,24203,2316,CON
Essex,1503300,83100,89000,90200,79700,78100,88500,97300,95400,93100,96400,107800,104700,90100,78000,85300,62200,42600,26600,15200,435,771100,732100,51,4,8,1,10,1,75,1224175,230974,142834,193117,69118,212917,341104,34111,CON
Exeter,130800,5900,6200,6100,11800,16400,9000,9000,8500,7400,7300,7800,7400,6400,5500,5700,4200,3100,2000,1300,2781,67100,63700,5,25,2,5,2,0,39,111331,15078,9098,12730,5316,27915,38612,2582,LAB
Fareham,114500,5200,6200,6400,5600,5200,5600,6700,6600,6500,7200,8400,9000,7900,6600,7400,5800,4100,2700,1500,1542,58700,55800,25,0,4,0,2,0,31,95634,13246,9376,13952,6292,18423,31910,2435,CON
Fenland,102500,5200,5800,5600,5000,5100,6200,6500,6200,5700,6200,7400,7500,6600,6200,6300,4700,3200,1900,1100,188,52300,50200,26,0,2,1,10,0,39,84832,21889,10947,13346,5732,13842,16152,2924,CON
Folkestone and Hythe,109800,5100,5800,6200,5200,5200,5800,6200,5900,6200,6700,8000,8400,7600,6900,7800,5600,3700,2200,1300,308,56200,53600,10,5,3,6,6,0,30,91556,17756,10642,13599,5791,15793,25068,2907,NOC
Forest of Dean,87000,4000,4500,4600,5100,4000,4400,4800,4500,4300,5200,6600,7000,6200,5800,6000,4500,2900,1600,900,165,44400,42600,6,3,2,7,20,0,38,73047,13427,7648,11425,4722,12861,21023,1941,NOC
Fylde,81400,3300,3900,4100,3700,3200,3800,4300,4500,4200,4800,6000,6700,6300,5600,6000,4700,3200,2000,1200,491,41600,39900,31,0,1,0,17,2,51,69247,11117,6406,9605,4387,12055,23868,1809,CON
Gateshead,196100,10100,11100,11300,10100,10300,12700,13100,13000,11900,12100,13900,14200,12500,10600,10700,7400,5900,3500,1700,1378,100000,96200,0,51,15,0,0,0,66,161746,34975,16022,22280,11629,27436,45246,4158,LAB
Gedling,117300,6000,6700,6800,5700,5300,6900,7600,7500,7300,7500,8700,8600,7400,6600,6900,4900,3600,2200,1100,978,60400,56900,7,28,3,0,2,1,41,96458,17002,9337,13327,5965,17661,30727,2439,LAB
Gloucester,132500,7500,8300,8200,7700,8500,8900,9800,9200,8400,8200,9200,9000,7600,5900,5700,4500,3000,1900,1100,3267,67000,65500,22,3,11,0,2,1,39,106939,19473,12336,16332,6536,19965,29295,3002,CON
Gloucestershire,645100,32300,36200,37400,34600,33500,36700,40200,39500,38200,40800,46700,47700,41400,36200,37300,28000,19400,12000,7000,243,329800,315300,27,5,16,4,1,0,53,532284,80754,51195,76114,29334,91859,189619,13409,CON
Gravesham,106900,6600,7100,7100,6200,5700,6500,7600,7500,6900,6800,7500,7200,5700,4800,4900,3600,2600,1700,800,1080,54700,52200,21,22,0,0,1,0,44,84554,17186,10086,12846,4954,13962,22572,2948,NOC
Great Yarmouth,99800,5000,5400,5700,5100,5000,5700,6000,5600,5300,6000,7100,7400,6600,6200,6600,5000,3200,1900,1100,573,50900,48900,21,14,0,0,4,0,39,82719,21926,10744,12935,5971,13209,15091,2843,CON
Greenwich,289100,19000,18800,18200,15900,18400,24700,27900,25800,23000,19600,19000,16100,12500,9300,8000,5600,3800,2300,1200,6111,148500,140500,3,52,0,0,0,0,55,229748,38319,18349,23747,7937,30154,104926,6316,LAB
Guildford,143600,6700,7800,8300,10800,13200,8600,8600,8700,9100,9600,9700,9700,7800,6400,6600,4800,3500,2300,1500,530,72900,70700,8,2,17,0,21,0,48,119357,13540,8646,13528,4686,23554,52620,2783,NOC
Hackney,259200,16200,15200,15400,14100,18600,31500,31900,23600,18600,15500,14600,13400,10100,7000,5500,3400,2400,1400,800,13611,135300,123900,5,50,0,2,0,0,57,209468,35043,12782,17449,4938,24171,109724,5361,LAB
Halton,128200,7000,7900,8100,7100,6700,7900,8500,8500,8000,8300,9100,9100,8200,7200,7100,4300,2900,1600,800,1621,65500,62800,3,48,3,0,0,0,54,103948,21865,12338,17403,5718,19057,24876,2691,LAB
Hammersmith and Fulham,183200,9100,8800,9000,8200,17000,23400,19400,14800,12800,12200,11900,10200,7400,5700,5000,3500,2500,1400,800,11168,97200,85900,10,40,0,0,0,0,50,154626,18332,7892,11387,3534,20165,89043,4273,LAB
Hampshire,1400800,71300,81000,82100,73400,67400,77800,87400,86500,85700,90900,101700,102900,88700,75700,81400,61300,42800,27000,15900,381,716000,684700,56,3,17,0,2,0,78,1151127,169662,115453,166517,65757,209764,394217,29757,CON
Harborough,97600,4700,5400,5900,5400,4300,5000,5500,5700,5900,6700,7700,7500,6400,5500,5900,4400,3000,1800,1000,165,49300,48400,22,1,11,0,0,0,34,80428,10937,7232,11248,4832,13900,30387,1892,CON
Haringey,264200,14900,14700,15600,14600,16400,24000,25900,23600,21100,19200,18500,16100,11900,8800,7100,4900,3700,2100,1100,8924,137000,127200,0,48,7,0,1,1,57,216000,39921,14732,18392,6781,25260,104270,6644,LAB
Harlow,93300,6300,6600,6300,5100,4900,6400,7700,7500,6500,5600,6000,5800,5000,4000,3400,2400,1800,1200,700,3055,47900,45400,20,13,0,0,0,0,33,73102,15364,9802,11618,4120,12132,17864,2202,CON
Harrow,261300,15700,16100,16500,15100,15100,18500,20500,21100,19900,17000,16400,15400,13900,11500,9900,7400,5700,3600,2100,5178,132500,128800,31,24,0,0,0,0,55,209620,36454,17150,21857,6656,26422,94317,6764,CON
Hart,99400,5200,6300,6400,5700,4400,5100,5800,6300,6700,7400,7500,7200,5800,4700,5200,4100,2900,1700,1000,462,50300,49100,10,1,11,0,11,0,33,80327,8742,7066,11310,3800,14320,33217,1872,NOC
Hartlepool,92300,5000,5600,5900,5200,5100,5500,5900,5500,5100,5400,6600,7100,6300,5300,5100,3200,2500,1500,700,985,47700,44700,14,13,0,0,9,0,36,74686,17286,7076,10963,5205,13776,18526,1854,NOC
Hastings,91100,4800,5200,5300,4700,4500,5400,6000,5700,5500,5900,7000,6900,5800,5200,5100,3500,2300,1400,900,3057,46900,44200,12,15,0,5,0,0,32,74704,15039,8387,11256,3815,12768,21357,2082,NOC
Havant,124200,6100,6900,7000,6200,5900,6800,7500,7100,6500,7100,8800,9300,8700,7500,7900,6100,4300,2800,1600,2228,64200,60000,33,2,0,0,1,2,38,102865,20492,11643,15718,6593,18281,27262,2876,CON
Havering,262000,16500,16900,16000,14400,14100,16900,19300,19200,17400,16200,17400,17000,14800,11900,12100,8700,6500,4400,2600,2332,135600,126400,23,9,0,0,23,0,55,209730,41947,23453,31228,10778,34125,61921,6278,NOC
Herefordshire,187100,8400,9500,10100,9100,8200,9600,10500,10300,9800,11200,13600,14600,13600,12500,13000,9700,6700,4100,2400,86,95200,91900,14,1,6,7,25,0,53,157133,28315,14982,22184,9258,26573,51420,4401,NOC
Hertfordshire,1198800,70200,76500,78500,66400,61600,71800,81300,84700,85800,84200,85300,81700,66500,53200,53200,38900,28600,19200,11200,730,613400,585400,46,7,23,1,1,0,78,959081,140644,91151,129038,43603,152048,378323,24274,CON
Hertsmere,107800,6300,6900,7100,6100,5400,6200,6800,7600,7800,7500,7600,7500,6000,4900,5000,3700,2700,1800,1100,1066,56000,51800,29,7,3,0,0,0,39,86191,13778,7921,11396,3825,12741,34134,2396,CON
High Peak,90900,4300,4800,5200,4400,4200,4800,5400,5300,5200,5900,7400,7600,6700,5500,5600,4000,2600,1400,800,169,46300,44700,16,19,3,2,1,2,43,75660,11307,7063,10412,4578,13751,26922,1627,NOC
Hillingdon,305900,19900,20500,20000,18600,19800,20800,23700,24900,23500,20300,19900,18100,14900,11700,10500,7400,5800,3800,2100,2644,154800,151100,30,23,0,0,0,0,53,241878,43906,23872,28514,10298,35836,90664,8788,CON
Horsham,146800,7400,8000,9000,7700,6200,7600,8400,8600,9000,9600,11000,11300,9700,8300,8900,6700,4700,3000,1900,277,75200,71600,30,0,13,3,2,0,48,120664,15075,11412,18801,5837,21877,44615,3047,CON
Hounslow,288200,18200,19100,18700,16200,16800,20800,24900,25900,24200,20900,18900,16400,13300,10600,8900,6100,4400,2600,1400,5150,145000,143100,10,51,0,0,0,1,62,228681,42630,21674,23390,8090,28046,95076,9775,LAB
Huntingdonshire,180800,9700,10600,10400,8800,8500,10700,12200,12100,11600,12200,13300,13100,11200,9600,10200,7500,4900,2700,1600,200,91100,89700,21,4,11,1,15,0,52,148261,23194,15790,21608,8222,26020,49593,3834,NOC
Hyndburn,82200,4900,5300,5300,5000,4500,5400,5700,5200,4700,5100,5900,5500,4800,4000,4200,3000,2000,1100,600,1126,41800,40500,15,13,0,2,5,0,35,65632,14951,6845,9321,4778,11527,16514,1696,NOC
Ipswich,139700,8300,9000,8800,8100,8000,9900,10800,10200,9400,8900,9200,8600,7400,6300,6000,4300,3100,2100,1300,3536,70300,69300,11,32,3,0,2,0,48,111832,24251,13437,16100,7015,18241,29295,3493,LAB
Isle of Wight,140400,5600,6900,7100,6400,5900,6700,7200,6900,7000,7900,10300,11100,10500,10500,11200,8700,5400,3300,2000,370,72400,68100,17,1,2,2,17,0,39,119586,22064,13355,17501,8926,21444,32783,3513,NOC
Islington,216600,11200,10000,9900,10700,18500,28800,27300,19000,14800,12600,12900,11800,8800,6400,5400,3600,2600,1500,800,14578,113300,103300,0,48,0,3,0,0,51,183626,25257,10273,13146,4212,22337,103975,4426,LAB
Kensington and Chelsea,143400,6200,6400,6500,6700,12200,13100,12100,10600,9600,10200,11100,10400,7800,5900,5500,4000,2800,1500,1000,11828,76400,67000,35,13,2,0,0,0,50,123089,13971,5446,8803,2378,15439,73226,3826,CON
Kent,1576100,87300,95300,98200,88300,83400,90700,100600,99500,97600,101300,111700,109700,93200,81500,87700,64100,44000,26600,15400,445,807700,768400,60,7,6,5,2,1,81,1276566,229214,137736,189679,71615,222389,389229,36704,CON
Kirklees,433300,25200,27600,28600,26900,25800,26500,28400,28100,27200,28100,30900,28600,24500,21000,21400,14900,10300,5900,3300,1061,220900,212400,18,35,8,3,4,1,69,346274,71832,33776,46112,21655,60187,103532,9180,LAB
Knowsley,154500,9700,9500,9200,8400,8600,10600,11700,10300,8500,8800,10700,11700,10500,8200,6900,4400,3500,2200,1000,1786,80700,73800,0,32,3,5,5,0,45,124299,32600,13203,17898,6817,21411,29578,2792,LAB
Lambeth,317600,15300,14900,15500,14900,26800,45300,36600,26400,22400,20400,20500,18200,13200,9000,6900,4600,3600,2000,1200,11848,163700,153900,0,58,3,2,0,0,63,268945,35185,16252,21025,6973,31935,151312,6263,LAB
Lancashire,1235300,63700,71000,73400,73500,72900,71000,77000,75000,70600,75900,87800,89000,78200,67600,70900,51000,35000,20500,11300,427,628400,606900,48,32,2,2,0,0,84,1012923,188448,96914,137884,64907,188742,310083,25945,CON
Lancaster,142900,6700,7400,7600,10700,12800,8000,8300,8400,7700,7900,9500,9800,8800,7700,8000,5700,4000,2500,1400,252,73000,69900,9,16,4,15,14,2,60,119641,18885,10307,14998,6790,27060,38664,2937,NOC
Leeds,812000,46800,49600,48200,51800,70500,60600,60600,56600,51700,49100,50800,48200,40700,33700,34300,24000,17600,11100,6100,1472,415600,396300,21,56,7,4,10,1,99,658468,119597,60190,79192,34353,120782,228358,15996,LAB
Leicester,368600,22300,24800,25600,28300,36100,27300,27500,27300,24700,22500,21900,19500,17300,14000,11300,7300,5500,3400,2000,5026,186500,182100,2,46,1,0,5,0,54,291013,77692,31152,33954,11024,46860,77900,12431,LAB
Leicestershire,712300,36000,40000,40900,42300,41200,40700,44400,44100,42400,45600,52000,50500,44100,38700,40700,29900,20000,12200,6600,342,360600,351700,42,4,9,0,0,0,55,587433,98347,56933,80155,37105,112785,187737,14371,CON
Lewes,99900,4500,5300,5800,5200,4100,4300,5200,5400,5600,6300,7400,7500,6800,6400,7000,5300,3700,2500,1600,342,51800,48100,18,4,9,8,2,0,41,83222,13372,8498,11840,4497,13794,28978,2243,NOC
Lewisham,300600,19100,18200,17600,15700,18800,27600,30800,27500,23700,20800,20000,18600,13500,9000,7100,5100,3900,2300,1300,8553,157800,142700,0,54,0,0,0,0,54,242410,35447,17738,23426,7261,31537,120814,6187,LAB
Lichfield,106400,5200,5700,5800,5400,5100,6000,6100,6000,6100,6900,8100,7900,6700,6200,6900,5800,3700,1900,1000,321,54000,52500,30,11,1,0,4,1,47,88596,15110,8930,12487,4743,15241,29789,2296,CON
Lincoln,103900,5100,5400,5300,8800,13600,7900,7700,6500,5800,5600,6000,6000,5000,4100,4000,2800,2000,1300,800,2911,52400,51400,9,22,2,0,0,0,33,87067,15135,8461,11149,4845,22253,22943,2281,LAB
Lincolnshire,768400,35800,41200,42800,41400,43400,42900,45400,43200,41700,46700,55000,57300,51200,46200,49700,37200,24700,14300,8000,129,392000,376400,54,4,3,0,9,0,70,640209,131263,69919,94381,42640,118371,163928,19707,CON
Liverpool,486100,26400,26700,25200,33900,49300,38100,37300,33100,27800,26600,29200,30700,27500,22400,20000,13300,10000,5800,2800,4347,249400,236700,0,57,11,4,16,2,90,403028,90049,34955,46141,17624,80909,124150,9200,LAB
Luton,225300,16000,16700,16700,15100,15600,16500,17900,17700,16500,14100,13800,12400,10000,7800,6400,4800,3900,2400,1200,5197,112400,112900,2,31,15,0,0,0,48,172698,39478,19650,21943,8349,24832,51546,6900,LAB
Maidstone,175800,10400,10900,10400,8900,8900,11200,12200,12000,11300,11700,12600,11900,9900,8500,9300,6700,4600,2800,1600,447,88800,87000,28,5,12,1,9,0,55,142134,24786,15510,21706,8547,24906,42531,4148,CON
Maldon,66200,3100,3400,3600,3400,3100,3300,3400,3400,3500,4200,5300,5200,4800,4200,4700,3400,2200,1300,700,185,33800,32400,14,0,1,0,16,0,31,55428,10674,6744,8920,3600,9798,14080,1612,NOC
Malvern Hills,79400,3100,3900,4400,4200,3300,3500,3700,3700,4100,4800,6000,6500,6000,5400,6000,4500,3200,2000,1100,138,40800,38600,12,1,4,5,16,0,38,67120,9778,5781,9379,3689,10781,26021,1691,NOC
Manchester,552000,34400,36600,36300,42400,61900,52600,48000,42100,35800,31100,30400,26700,21600,16500,13800,9200,6700,3800,2100,4773,277800,274200,0,91,2,3,0,0,96,437958,86110,34988,45164,15322,79621,164763,11990,LAB
Mansfield,110500,6000,6600,6600,5400,5500,7200,7900,7700,6600,6800,7900,8200,7000,5900,5700,4300,2800,1700,900,1441,56100,54400,1,14,0,0,20,1,36,90170,21910,10542,13216,5898,15853,19902,2849,NOC
Medway,279800,17300,18300,18000,16200,15900,18300,20400,19500,18500,17700,19100,18800,15700,12900,13000,8900,6000,3400,1800,1444,142700,137100,33,20,0,0,2,0,55,222758,43158,26898,35426,13625,40009,57001,6641,CON
Melton,51800,2400,2800,3000,2500,2300,2600,2900,2800,2900,3200,4200,4300,3600,3200,3400,2400,1500,1000,500,108,26500,25300,19,0,0,1,7,1,28,42946,7034,4293,6303,2893,7908,13349,1166,CON
Merton,215200,13500,13300,13200,10700,11200,17200,19200,19000,18100,15500,14500,12600,10200,7900,7100,4800,3700,2200,1400,5720,110500,104700,7,31,17,0,2,0,57,172771,24609,12368,16510,5752,21786,86412,5334,LAB
Mid Devon,82800,4000,4600,5000,4400,3600,4100,4500,4700,4600,5100,6200,6400,5700,5200,5400,4000,2700,1600,1000,91,42400,40500,17,0,11,2,12,0,42,68204,11614,6968,10548,4122,12262,20928,1762,NOC
Mid Suffolk,102700,4500,5200,5600,5200,4600,5400,5700,5500,5500,6400,7600,8100,7300,6700,7300,5200,3500,2100,1200,118,52100,50600,16,0,5,12,1,0,34,86305,15185,9148,12784,5345,15667,25917,2259,NOC
Mid Sussex,152600,8300,9400,9800,8000,6400,7700,9200,9900,10500,11000,11400,10700,8900,7900,8200,6400,4300,2900,1800,457,78500,74100,33,0,13,4,4,0,54,123316,14457,11498,18511,5769,22257,47689,3135,CON
Middlesbrough,143900,8900,9800,9500,8600,10200,10300,10300,9400,8000,7900,8700,9400,8700,7200,6500,4300,3200,2000,1000,2671,73000,70900,3,21,0,0,22,0,46,113939,27282,11221,15270,7040,19976,30127,3023,NOC
Milton Keynes,287000,17700,20300,20600,16300,15000,19000,22000,23000,22400,20200,19300,17100,14500,12200,11200,7200,4700,2600,1600,930,145500,141600,22,20,14,0,0,1,57,224831,35577,24422,32011,10477,35371,80545,6428,NOC
New Forest,175800,7200,8600,9400,8300,7100,7700,8500,8600,9000,10200,12600,14000,12800,12200,13500,10400,7400,4900,3200,234,91200,84500,44,0,13,0,3,0,60,148744,23951,15276,22002,10396,26369,46380,4370,CON
Newark and Sherwood,122900,6100,6700,6900,6300,6100,7200,7500,7200,6900,7800,9200,9300,8200,7200,7700,5700,3700,2100,1200,189,62500,60500,29,7,2,0,1,0,39,101967,19448,10577,14913,6360,18403,29579,2687,CON
Newcastle upon Tyne,300200,15600,16700,16400,23400,36700,23400,21300,19600,16900,16000,16800,17400,15500,12700,11800,7900,6000,4000,2200,2646,151800,148400,0,51,21,0,5,1,78,248450,46232,19729,25891,11943,52768,86063,5824,LAB
Newcastle-under-Lyme,123300,5800,6500,6500,7700,8600,6900,7500,7200,6900,7500,8800,8800,7900,6800,7300,5300,3800,2300,1200,584,62900,60400,25,19,0,0,0,0,44,103183,20689,9991,14052,6883,20200,28938,2430,CON
Newham,351100,23900,23300,23300,22100,28300,36000,36700,32500,27400,22800,20500,16300,12800,9100,6300,4000,3200,1700,800,9700,175600,175500,0,63,0,2,1,0,66,276174,57151,24931,28082,8619,35783,111130,10478,LAB
Norfolk,916200,42500,48400,49000,46900,50800,52600,55200,52800,50500,55300,63200,65700,59500,55500,60900,45600,31100,19500,11300,170,466900,449300,55,12,10,3,3,1,84,767096,156650,86088,113773,48903,134214,204803,22665,CON
North East Derbyshire,102000,4800,5400,5500,4800,4600,5600,5700,5600,5600,6300,7700,7800,7100,6400,6900,5500,3500,2000,1000,370,52300,49800,27,18,3,0,5,0,53,85273,17066,9101,12364,5825,15328,23507,2082,CON
North East Lincolnshire,156900,8500,9500,9600,8400,8000,9300,10400,9500,8400,9500,11100,11800,10200,8700,8900,6200,4700,2900,1400,815,80100,76800,30,8,3,0,1,0,42,127523,30907,15531,20513,8313,20885,27537,3837,CON
North Hertfordshire,133200,7500,8200,8300,6700,5900,7600,8700,9000,9400,9500,9500,9400,7800,6500,6700,5000,3700,2500,1400,355,68500,64800,19,16,13,0,0,1,49,107741,14652,9987,14358,4833,16645,44740,2526,NOC
North Kesteven,118000,5500,6600,6600,5900,5500,6600,7100,6900,6500,7500,9000,9000,7600,6700,7600,5800,4100,2200,1200,128,60200,57800,21,0,0,0,20,2,43,98015,15887,9741,14570,6344,19662,29278,2533,NOC
North Lincolnshire,169700,8400,9600,10100,8900,8100,9700,10600,10300,9300,10400,12500,13000,11400,10000,10200,7300,5000,3100,1600,200,86000,83700,28,14,0,0,1,0,43,139467,30466,16292,21104,9922,23954,33361,4368,CON
North Northamptonshire,359500,20200,22500,23200,19800,17800,22400,24900,24400,23300,23900,26500,24900,20500,18000,18400,13100,8300,4900,2800,364,182500,177100,56,15,1,3,2,1,78,289186,57682,34404,44428,18199,48272,77281,8920,CON
North Somerset,216700,10700,12300,12800,10800,9700,10800,12300,13100,13400,14100,15500,15800,13500,12500,14000,10800,7300,4600,2800,580,111400,105300,13,6,10,4,17,0,50,178567,26615,17219,26482,10668,32377,60489,4717,NOC
North Tyneside,209000,11000,11900,12100,10400,9500,12200,13900,14300,13700,13600,14600,15200,13600,12100,11800,7800,5700,3500,1900,2539,107600,101400,5,51,0,0,4,0,60,171512,29968,16025,24300,11773,28969,56375,4102,LAB
North Warwickshire,65000,3200,3600,3600,3200,3100,3700,4100,3800,3600,4200,5100,5100,4400,3700,4000,2900,1900,1100,600,229,33100,31900,23,10,0,0,1,1,35,53898,11954,6217,8265,3281,9482,13387,1312,CON
North West Leicestershire,104700,5400,5900,6100,5400,5800,6200,6700,6500,6300,7200,8100,7600,6400,5600,6100,4400,2700,1500,800,375,53100,51600,22,7,4,1,4,0,38,86165,15813,8570,12133,5566,16173,25818,2092,CON
North Yorkshire,615400,27800,31200,33700,32000,26100,31300,33700,33200,33300,37900,46600,49700,45200,40000,42200,30400,21200,12900,7100,77,313800,301700,46,12,13,5,14,0,90,516180,82990,47623,72377,33901,87830,178949,12510,CON
Northumberland,320600,14200,16700,17400,15700,13900,15900,16900,17400,17400,19700,23200,25800,24800,22600,23000,15800,10600,6200,3400,64,164000,156600,33,20,4,2,8,0,67,268846,48173,26051,38873,18624,47690,82653,6782,NOC
Norwich,144000,6900,7600,7300,10300,16500,12100,11700,10400,9000,8200,8200,7800,6400,5800,5600,4100,2800,1900,1200,3690,72900,71100,0,25,3,11,0,0,39,120762,20617,11147,14453,5181,25170,41202,2992,LAB
Nottingham,323700,17800,19200,18800,31700,43700,24300,24200,21200,18400,17600,17900,17000,13900,10900,9800,6900,5100,3300,2000,4338,164700,159000,2,50,0,0,3,0,55,264322,51554,23096,29844,10835,66236,75673,7084,LAB
Nottinghamshire,824800,41900,47200,47800,41700,41700,49300,53100,51500,49100,52300,60800,61000,52200,45700,47900,35700,23900,14200,7900,396,420000,404800,34,15,1,0,16,0,66,679068,131460,69090,95197,41598,120687,203107,17929,CON
Nuneaton and Bedworth,134200,7800,8200,8200,6900,7100,8700,9700,8900,8100,8400,9600,9200,7900,6900,7000,5300,3500,2000,1000,1700,68300,65900,27,5,0,2,0,0,34,108587,24568,12912,16263,6746,18440,26577,3081,CON
Oldham,242100,16000,17400,18100,16300,14100,15000,16700,16200,15100,14800,16100,15000,12600,10800,10600,7600,5300,2800,1500,1701,123900,118200,9,35,9,0,7,0,60,187035,46208,20672,26021,11939,30829,46023,5343,LAB
Oxford,162100,7100,7800,8600,15900,22000,15400,13300,11000,9600,8800,8800,8200,6400,5200,4900,3600,2600,1700,1100,3555,82400,79700,0,32,9,6,1,0,48,136718,17204,8339,10389,3798,28127,65698,3163,LAB
Oxfordshire,725300,38000,41000,43000,45000,47900,49400,51400,49000,46400,46300,49700,48300,40000,33600,34000,25800,18100,11500,6800,278,367100,358200,21,15,21,3,3,0,63,595033,80414,50899,70337,27611,101688,249905,14179,NOC
Pendle,95800,5900,6600,6800,5800,5200,5600,6400,6500,5800,5900,6300,6100,5600,4800,4900,3300,2200,1300,700,566,48400,47300,17,10,5,0,1,0,33,75222,18639,8006,9740,4852,12521,19085,2379,CON
Peterborough,215700,14200,15700,15500,12500,11700,15300,17300,17300,15300,13900,13700,12300,10400,8600,8100,5700,4100,2600,1500,628,109100,106600,28,13,8,4,6,1,60,167573,37471,20666,24191,9286,25727,43956,6276,NOC
Plymouth,264700,13200,15100,15000,15900,21200,17900,18400,17400,15600,15800,17600,17300,15300,12900,13200,9700,6700,4100,2300,3315,134900,129900,23,25,0,3,6,0,57,218624,37894,21388,30727,15836,47362,60155,5262,NOC
Portsmouth,208100,11300,12100,11600,14500,20100,15400,16000,14900,12500,12200,13400,12800,10500,8300,8200,5900,4100,2700,1500,5153,104900,103200,13,6,17,0,6,0,42,170821,29766,16434,22404,9093,37296,51190,4638,NOC
Preston,147900,8900,9200,9200,9800,12600,11000,10700,9900,9100,9000,9500,9300,7700,6200,5700,4000,3000,1900,1000,1039,74100,73800,11,29,7,0,1,0,48,118669,23079,11143,15243,6411,21665,37641,3487,LAB
Reading,174200,10200,10500,10200,11000,14700,14600,15600,14600,12800,11300,10700,9500,7400,5800,5300,4000,2900,1800,1100,4313,87400,86800,6,32,3,7,0,0,48,141362,22361,12932,15070,5853,23734,57149,4263,LAB
Redbridge,310300,21200,21700,21400,19300,19000,21700,24900,26200,24800,21100,19400,17000,14500,11300,9600,6600,5200,3300,1900,5502,156900,153300,5,57,0,0,1,0,63,242017,41948,20878,27163,7557,33074,102696,8701,LAB
Redcar and Cleveland,136500,6800,7900,8000,7100,6600,7500,7900,7600,7300,7900,10000,10700,9600,8500,8700,6300,4500,2500,1300,557,70500,66100,7,14,14,0,24,0,59,112342,24732,10983,15663,8692,21300,28003,2969,NOC
Redditch,87000,5000,5400,5400,4600,4500,5700,6400,6000,5800,5500,5800,5600,5100,4800,4700,3200,1900,1000,600,1604,44100,43000,18,8,0,1,1,1,29,70251,14605,8168,11026,4119,12108,18162,2063,CON
Reigate and Banstead,150900,9000,10000,9900,7700,6500,8400,10400,10900,11100,10700,10600,10400,8500,6800,7100,5100,3600,2500,1700,1168,77000,73800,27,0,3,9,6,0,45,120129,15765,10997,17047,5244,19632,48338,3106,CON
Ribble Valley,61500,2600,3100,3700,3300,2700,2900,3200,3200,3300,4000,5000,5100,4600,3800,4000,3000,2100,1300,600,105,31300,30200,26,0,10,0,4,0,40,51462,6802,4059,6746,3472,8863,20456,1064,CON
Rochdale,223800,14600,15500,15700,13500,12200,14100,15900,15300,14100,14000,15100,14400,12500,10900,10300,7000,4600,2600,1500,1415,114000,109700,10,43,3,0,4,0,60,174947,40649,18414,24559,10564,29467,46238,5056,LAB
Rochford,85600,4300,4600,5200,4500,4200,4500,4700,4900,5000,5600,6600,6300,5500,4700,5500,4100,2800,1800,900,512,44100,41500,19,0,5,1,14,0,39,70710,13556,9084,12358,4440,13097,16095,2080,NOC
Rossendale,70800,3800,4400,4600,3800,3300,4100,4600,4400,4300,4700,5500,5300,4500,3900,4000,2600,1600,1000,500,513,36100,34700,11,19,0,1,5,0,36,57298,10672,5433,8145,3651,10561,17565,1271,LAB
Rother,93100,3700,4200,4800,4300,3800,3900,4100,4000,4200,5000,6500,7400,7000,6900,8300,6200,4300,2800,1700,183,48900,44200,15,2,7,1,12,1,38,79489,15007,8802,11688,4728,13035,23746,2483,NOC
Rotherham,265800,14600,16000,16500,14500,14100,16400,18000,17000,15300,16700,19500,18600,16400,14000,14200,10600,7300,4100,2000,928,135500,130300,17,34,4,0,4,0,59,215573,50529,24545,33613,14398,36879,49807,5802,LAB
Rugby,114400,6400,7100,7200,6200,5500,7300,8400,8200,7700,7700,8100,7700,6200,5100,5400,4500,3000,1700,1000,326,57400,57000,23,9,9,0,1,0,42,92190,14451,8974,12919,5873,15159,32174,2640,CON
Runnymede,88100,4800,4800,4800,6500,7500,5000,5600,5700,5700,6000,5900,5800,4700,3800,3800,3000,2100,1500,900,1129,45500,42500,24,3,3,1,10,0,41,72717,10528,6543,9130,3400,15509,25643,1964,CON
Rushcliffe,119000,5900,6900,7300,6400,6300,6100,6800,7400,7800,8000,8700,8600,7300,6500,6900,5200,3500,2300,1400,291,60700,58300,27,6,3,3,5,0,44,97724,11727,6924,11725,4378,16649,44227,2094,CON
Rushmoor,99800,6200,6100,5600,5100,5600,7600,8800,7800,6900,6500,7000,6600,5000,4100,4200,3100,2100,1100,600,2556,49900,49900,28,9,2,0,0,0,39,80871,14803,9582,11523,4515,13850,24115,2483,CON
Rutland,41000,1700,2000,2500,2800,1800,2100,2200,2200,2300,2400,3000,2900,2700,2500,2800,2100,1500,900,500,107,20000,21100,6,1,6,1,13,0,27,34300,4491,2953,5278,1936,5835,13012,795,NOC
Salford,269900,17300,16700,16100,15500,22700,26400,24400,20500,16300,15000,15400,15000,12700,9700,10000,6900,5000,2900,1500,2777,134400,135500,8,49,2,0,1,0,60,216923,42829,20027,27231,11687,36911,72678,5560,LAB
Sandwell,341900,22200,24600,24400,22000,20400,22500,24900,24500,23200,22300,23100,20800,17200,13900,12700,9700,7200,4100,2100,3996,173600,168200,9,59,0,0,3,1,72,266028,76839,30586,36175,12758,39465,60316,9889,LAB
Sefton,279300,13500,15100,15300,14000,13500,15200,17100,16800,15600,16700,20100,21700,19800,16900,16500,12400,9600,6000,3300,1784,144000,135300,5,46,8,0,7,0,66,232392,45890,23885,32729,13808,40580,69495,6005,LAB
Sevenoaks,120500,6700,7600,8100,6600,5000,5700,6700,7300,7800,8200,8800,8800,7400,6400,6900,5200,3600,2400,1400,326,62300,58200,43,1,4,0,4,2,54,96603,15087,9281,14060,4641,15101,36073,2360,CON
Sheffield,556500,30200,32000,32100,37500,50900,40500,38900,35000,32100,32200,36300,34500,29500,24800,24600,18900,13700,8200,4600,1513,282300,274200,1,38,29,14,1,1,84,456250,88425,41454,53589,24865,84712,152194,11011,NOC
Shropshire,323600,14400,16300,17300,16900,15100,16900,18000,17300,16700,20000,24300,25500,23000,20800,21900,17000,11500,6800,4000,101,163900,159700,41,10,15,4,4,0,74,272246,45573,26154,40900,16564,47417,88502,7136,CON
Slough,158500,11800,12700,12800,9900,8900,10700,12900,14500,13700,11100,9600,7900,6600,5100,3800,2500,2000,1200,700,4871,80000,78500,5,35,0,0,2,0,42,118934,23966,12764,14336,5004,16181,41423,5260,LAB
Solihull,216200,11700,13800,13600,11800,10700,12000,13000,13100,13100,13800,15600,15400,13000,10900,12100,9400,6500,4200,2500,1213,111300,104900,28,0,5,14,4,0,51,174503,30642,16623,24691,8069,28266,61847,4365,CON
South Derbyshire,107200,5800,6400,6700,5700,5200,6900,7200,6900,6700,7300,8400,7800,6300,5700,5600,4000,2500,1500,800,317,54700,52500,16,16,0,0,4,0,36,86954,13922,8596,12843,5439,16365,27668,2121,NOC
South Gloucestershire,290400,16100,17100,16700,16200,18100,19400,20500,19700,18100,18100,20300,19900,16100,13500,14100,11300,7700,4800,2700,584,146600,143800,33,11,17,0,0,0,61,237364,33792,23996,33959,15142,46440,78233,5802,CON
South Hams,88600,3500,4400,4800,4300,3300,3700,4300,4400,4500,5200,6500,7400,7100,6500,7000,5000,3300,2000,1200,100,46000,42600,16,0,10,2,3,0,31,74970,9725,6329,10121,4397,12682,29878,1838,CON
South Holland,95100,4700,5100,5200,4600,4500,5200,5800,5500,5300,6100,6900,7200,6200,5600,6200,4500,3200,1900,1100,127,48400,46700,25,0,0,0,12,0,37,78997,19399,9844,12424,5601,12675,15866,3188,CON
South Kesteven,143400,6800,8100,8800,7400,6100,7500,8100,8100,8400,9500,10900,10900,9600,8600,9100,6900,4400,2600,1600,152,73900,69500,36,2,3,0,14,1,56,118013,19963,12432,17947,7707,21236,35554,3174,CON
South Norfolk,141900,7000,8100,8100,6900,6000,7300,8200,8500,8300,9200,10100,10500,9200,8400,9400,7100,4800,3000,1800,156,72700,69200,32,1,10,0,3,0,46,117219,19996,11816,17561,7045,20294,37556,2951,CON
South Oxfordshire,149100,8000,8800,9100,7600,6400,8300,9300,9600,9700,10300,11400,10800,9000,7600,7900,6300,4500,2700,1500,220,75600,73500,10,3,13,5,5,0,36,121491,15109,10349,15412,5837,19105,52950,2729,NOC
South Ribble,111000,5500,6300,6500,5700,5200,6200,7100,6700,6600,7400,8300,8500,7100,6300,6700,4800,3300,1900,1000,981,56700,54300,22,23,5,0,0,0,50,91499,14356,8782,12886,6678,17422,29235,2140,NOC
South Staffordshire,110500,4900,5500,5600,5200,5400,5900,6200,6200,5900,6800,8400,8800,7900,6900,7400,6000,4100,2300,1200,271,55200,55300,36,1,0,3,8,1,49,93372,18011,9515,13510,5924,16424,27448,2540,CON
South Tyneside,147800,7800,8500,8600,7500,7300,8700,9900,9400,8500,8700,10400,11200,10500,8800,8400,5600,4300,2500,1300,2294,76100,71700,1,41,0,6,6,0,54,121292,24849,12323,17393,9706,22265,31707,3049,LAB
Southampton,249000,13800,14400,13800,16800,26200,20700,20200,18300,16400,14600,14000,13800,11700,9600,9000,6600,4400,2800,1800,4992,124000,125000,20,26,1,0,1,0,48,204368,35381,19470,25671,11096,41992,64663,6095,LAB
Southend-on-Sea,180700,10200,10900,11100,9200,9400,11200,11900,12200,12200,12300,12500,12500,10400,8800,9200,6800,4700,3100,1900,4336,92800,87900,21,15,6,0,9,0,51,146410,28823,17593,23151,7432,25291,39832,4288,NOC
Southwark,307700,16400,15900,16200,16200,25500,38300,35000,26500,21900,19900,19500,17600,13200,8400,6700,4400,3300,1900,1100,10655,158600,149000,0,52,11,0,0,0,63,256136,35516,15851,20135,6509,31574,140514,6037,LAB
Spelthorne,103000,6000,6400,6100,5100,4900,6000,7400,7600,7400,6900,7300,7300,5800,4600,4700,3600,2800,1800,1100,2295,52300,50600,15,3,7,3,11,0,39,83362,14012,9231,12028,4367,13227,27996,2501,NOC
St. Helens,183200,9700,10300,10600,9400,9400,11500,12300,11700,10700,11800,13400,13300,11500,10000,10500,7500,5200,3000,1400,1344,93300,89900,2,29,4,6,7,0,48,150571,32245,15613,22079,9728,26153,40903,3850,LAB
Stafford,136800,6700,7400,7700,6400,6300,7800,8500,8200,8100,8800,10300,10100,8900,7900,8400,6700,4500,2500,1500,229,69200,67600,20,10,0,1,9,0,40,113615,17910,10712,15946,6417,19756,39860,3014,NOC
Staffordshire,876100,43700,47700,48900,45500,45500,51000,54700,52300,49800,55600,66100,64600,56600,49900,52800,40700,27200,15300,8200,334,442700,433400,55,5,0,0,2,0,62,726398,140207,75857,105827,44202,130440,210506,19359,CON
Staffordshire Moorlands,95800,4100,4800,5200,4800,4100,4600,5000,5000,4900,6100,7800,7600,6800,6300,7000,5200,3500,1900,1100,166,48500,47300,29,15,1,0,11,0,56,80858,16223,7840,11441,5730,14491,22944,2189,CON
Stevenage,89500,5600,5900,5700,4700,4800,6200,7300,6800,6000,5500,6200,6200,5000,3800,3500,2500,1900,1300,700,3446,45300,44100,9,24,6,0,0,0,39,71236,12113,9213,10908,3836,12205,21096,1865,LAB
Stockport,294800,16600,18100,17900,14800,13400,17000,20100,20400,19500,19200,20600,20500,17700,15300,15700,11500,8600,5300,3000,2339,151400,143400,5,22,27,2,7,0,63,238927,37081,21831,32340,13923,38563,89741,5448,NOC
Stockton-on-Tees,196600,10700,12400,13000,10600,9700,11900,13100,13100,12000,12200,13900,14000,12700,10800,10300,6900,4900,2900,1500,959,100100,96500,16,24,1,0,15,0,56,158010,29441,15324,23005,10565,29004,46648,4023,NOC
Stoke-on-Trent,258400,15600,17000,16800,15100,17000,17100,19100,17600,15500,15600,16900,16300,14400,12300,11900,8700,6000,3500,1900,2765,129800,128600,22,12,0,0,10,0,44,205898,53354,22574,30443,14144,34678,44948,5757,NOC
Stratford-on-Avon,134700,6200,6900,7500,6400,5400,6700,7500,7400,7700,8800,10300,10600,9300,8300,9000,7200,4800,2900,1700,138,69400,65300,19,0,12,1,4,0,36,112639,16230,9845,15155,5664,18532,44455,2758,CON
Stroud,121100,5600,6700,7300,6300,5000,6100,6500,6700,7100,8200,9500,9400,8500,7400,7700,5600,3800,2400,1300,263,61900,59200,19,6,3,13,10,0,51,100195,13517,9028,13879,5638,17118,38746,2269,NOC
Suffolk,760300,37200,41800,43000,39000,37800,44100,46800,44200,43300,46800,53700,54500,48900,44600,48900,36300,24800,15300,9200,200,385900,374500,54,5,4,9,2,1,75,630359,124047,70524,92876,40753,106164,177232,18763,CON
Sunderland,274200,13800,15200,16000,14600,15100,17000,18000,17100,15700,16800,19500,20000,18900,16100,15500,10200,7700,4500,2200,1995,141100,133100,16,42,14,0,3,0,75,226071,51666,24530,33553,16312,38679,55532,5799,LAB
Surrey,1203100,65600,74100,76500,69800,63500,62900,72700,79100,84700,86600,87300,84300,68900,56700,58400,44500,32000,21900,13600,724,616100,587100,45,2,15,2,17,0,81,972512,125027,82079,127462,40761,160632,411979,24572,CON
Surrey Heath,90500,4500,5300,5800,4900,4200,4900,5400,5800,6100,6600,7000,6700,5400,4400,4600,3600,2500,1800,900,952,46000,44500,17,1,9,2,6,0,35,73784,9643,7076,10557,3326,12377,28929,1876,NOC
Swale,151700,8900,9400,9600,8200,8000,9400,10500,10000,9300,9400,10600,10700,8900,7600,8300,5800,3800,2100,1200,406,76400,75300,14,9,4,2,17,1,47,122000,26824,15032,18975,7665,21027,28911,3566,NOC
Swindon,233400,13600,15200,14800,12300,12000,15300,17400,17300,16300,16400,16800,16000,13100,10600,9800,7000,4900,3100,1700,1014,117300,116100,32,23,0,0,1,1,57,187151,32430,24335,30268,10948,30591,52220,6359,CON
Tameside,231100,13700,14700,14900,12500,11900,14900,16600,15700,14400,14700,16600,16300,13800,11300,11600,8000,5300,2900,1500,2240,117800,113300,8,46,0,1,2,0,57,185135,40437,20811,28050,12776,32847,45214,5000,LAB
Tamworth,78600,4400,4700,4900,4200,4200,5100,5600,5200,4700,5200,5800,5200,4700,4300,4200,3000,1800,1000,500,2548,39900,38700,19,3,0,0,8,0,30,63791,13899,8284,10718,3495,11728,13953,1714,CON
Tandridge,87900,5000,5300,5700,4800,3900,4100,4900,5600,5700,6000,6600,6500,5500,4600,4800,3600,2600,1700,1100,354,45500,42300,10,0,10,0,20,2,42,70826,9787,6662,10727,3098,12267,26516,1769,NOC
Teignbridge,134800,5900,6900,7200,6300,5600,6500,7200,7200,7100,8100,9800,10800,9800,9300,9900,7500,4800,3100,1900,200,69500,65300,11,0,21,0,14,1,47,113461,17758,11479,16817,7420,19731,37172,3084,NOC
Telford and Wrekin,185600,10600,11900,12100,10900,11000,11800,12700,12100,11200,12100,13500,12600,10400,9200,9100,6500,4300,2400,1200,639,94200,91300,13,34,4,0,2,1,54,148673,29666,16732,23218,8212,27765,38803,4277,LAB
Tendring,148100,6700,7500,7800,6900,6800,7200,7600,6900,6900,8100,10100,11100,10800,10300,12100,9200,6300,3800,2200,440,76700,71400,21,6,2,0,19,0,48,124890,32782,16158,19076,8535,19444,24811,4084,NOC
Test Valley,130500,6900,7800,7600,6300,5700,7300,8300,8200,8200,8800,9700,9600,8200,6900,7600,5700,3800,2400,1300,208,66600,63900,24,0,13,0,6,0,43,106752,15047,10487,15329,5805,19252,38099,2733,CON
Tewkesbury,94900,5300,5800,5500,4500,4100,5200,6200,6000,5800,5900,6700,6900,5900,5400,5600,4300,3000,1700,1000,229,48800,46100,23,0,7,1,7,0,38,77352,10717,7566,11500,4432,13455,27744,1938,CON
Thanet,140600,7300,8000,8300,7200,6700,7700,8500,8300,8100,8500,9800,10000,9000,8500,9300,6800,4500,2600,1600,1357,72900,67700,25,15,0,6,10,0,56,115417,24990,13332,16646,7147,19294,30376,3632,NOC
Thurrock,176000,12300,12700,12400,10500,9500,11800,14100,13800,12500,11700,11800,10800,8400,6700,6800,4400,3100,1800,1100,1074,89800,86200,29,14,0,0,6,0,49,136363,29443,16640,21251,6757,22151,35723,4398,CON
Tonbridge and Malling,132200,7700,8500,8700,7500,5800,7100,8100,8300,8700,9400,9900,9400,7700,6300,6800,5100,3600,2200,1200,551,67900,64300,37,1,9,3,3,1,54,105526,16324,11163,16681,5851,18458,34332,2717,CON
Torbay,139300,6100,7300,7500,6700,6200,7100,7600,7300,7200,8200,10300,10700,9900,9200,10000,7600,5100,3300,2000,2215,71500,67800,13,0,12,0,10,1,36,117032,23137,13696,18096,8688,20227,29628,3560,NOC
Torridge,68100,2800,3500,3600,3200,2700,3100,3400,3200,3300,4000,5100,5500,5400,5100,5500,4000,2500,1500,900,69,34800,33300,9,3,2,2,19,1,36,57560,10824,6635,9073,4208,10137,15059,1624,NOC
Trafford,235100,13500,16000,16400,13200,10500,12600,14900,17300,17400,16500,16500,15900,13100,10800,10700,7900,6100,3800,2100,2217,120700,114400,13,39,5,4,1,1,63,186151,25990,15309,23608,8931,28141,79961,4211,LAB
Tunbridge Wells,115300,6200,7100,8100,6500,4800,6000,6800,7300,7800,8500,9000,8100,6700,5500,5900,4500,3100,2100,1300,348,59400,56000,13,7,15,0,13,0,48,92400,12454,7996,13396,3874,14385,38010,2285,NOC
Wakefield,353300,20100,21000,20800,17900,18000,23700,25300,23700,20700,22800,26300,25000,21500,18400,18500,13200,8900,5100,2500,1043,179500,173800,10,45,3,0,5,0,63,287539,70233,31086,42945,18709,46794,69797,7975,LAB
Walsall,284100,18200,19500,19600,17300,16200,18000,19600,19000,17400,17300,19200,18000,15400,12900,12500,9900,7400,4500,2300,2732,145400,138700,37,20,0,0,3,0,60,223100,58781,25619,31738,11823,35038,52903,7198,CON
Waltham Forest,278400,19000,17400,16600,15100,15600,22500,28500,27100,23100,19300,18100,15500,12100,8800,7200,5100,3900,2200,1200,7173,141900,136600,13,46,0,0,1,0,60,222182,40535,18874,23106,7699,28770,95910,7288,LAB
Wandsworth,327500,18700,16900,15700,13100,23800,47700,38500,29300,24600,20800,18800,16200,12100,9100,8300,5700,4200,2500,1500,9559,172300,155200,22,35,0,0,1,0,58,273558,27202,12759,18895,5578,31214,171346,6564,LAB
Warrington,210900,10600,12400,12800,11100,10500,12500,13900,14200,13700,14300,16100,15900,12800,10700,10700,8200,5800,3100,1600,1168,106500,104400,10,34,8,0,5,1,58,172717,28453,17238,25489,10298,29830,56955,4454,LAB
Warwick,148500,7400,8200,8100,9300,10800,9500,10500,9900,9500,9500,10000,9700,8000,7100,7200,5700,4000,2500,1500,525,74600,73900,17,5,9,8,5,0,44,123252,15548,9022,13233,5157,21832,55685,2775,NOC
Warwickshire,596800,31000,34000,34600,32000,31900,35900,40100,38200,36500,38600,43100,42300,35900,31000,32600,25700,17300,10200,5900,302,302800,294000,42,6,5,3,1,0,57,490566,82751,46971,65835,26722,83442,172279,12566,CON
Waverley,128200,6500,7800,8600,8000,5600,5400,6400,7500,8400,9600,9700,9100,7700,6500,7100,5700,4000,2900,1800,371,66100,62200,18,2,17,2,17,1,57,103634,11859,7531,13644,4078,15825,48292,2405,NOC
Wealden,160100,7200,8500,9000,8100,6700,7400,8000,8000,8400,10000,12100,12700,11500,10400,11500,8900,5800,3600,2200,192,83000,77100,28,0,6,4,7,0,45,133648,19965,13935,20838,7742,24057,43548,3563,CON
Welwyn Hatfield,119900,6600,7300,7100,8100,10600,7800,8200,8300,8000,7500,7700,7600,6300,4900,4700,3500,2700,1900,1200,926,60900,58900,26,10,12,0,0,0,48,97484,13975,8998,12533,4352,18576,36378,2672,CON
West Berkshire,161400,8300,9700,10600,9100,7300,8700,9600,10100,10500,11500,12600,11800,10000,8500,8600,6300,4200,2500,1500,229,81700,79700,24,0,16,3,0,0,43,130736,18484,12985,18954,6788,22048,48376,3101,CON
West Devon,57100,2200,2700,3100,2900,2100,2400,2600,2800,2800,3400,4300,4900,4500,4100,4500,3300,2200,1300,800,49,29200,27900,17,0,1,2,11,0,31,48361,7530,4858,7079,3049,8119,16468,1258,CON
West Lancashire,117400,5200,6000,6500,8900,8100,5900,6500,6300,6100,7100,8500,8900,7600,6700,7100,5300,3700,2000,1100,339,61000,56400,20,25,0,0,9,0,54,98332,17485,9061,13457,5776,20675,29460,2418,NOC
West Lindsey,95200,4400,5300,5300,4700,4100,4800,5100,5200,5000,5700,7200,7600,6900,6300,6700,5000,3200,1800,900,82,48500,46700,17,0,13,0,6,0,36,79117,14326,8194,11616,5360,14323,23191,2107,NOC
West Northamptonshire,425700,24000,26400,26900,23900,24200,27300,30800,29700,28500,28800,30200,28900,23500,19800,20500,14300,9300,5600,3200,309,215000,210700,65,20,5,0,3,0,93,343500,59804,37390,49213,19758,58081,109086,10168,CON
West Oxfordshire,114200,5700,6600,6900,5800,5300,6600,7100,7000,7000,7400,8400,8500,7200,6200,6500,5000,3400,2200,1400,160,58100,56100,19,9,15,2,3,1,49,93809,13058,8896,12617,5076,16106,35913,2143,NOC
West Suffolk,179800,9800,10300,9800,8800,10500,12600,12900,11600,10700,10900,12300,12000,10200,9100,10100,7700,5400,3100,1900,174,89800,90000,39,4,0,1,18,2,64,148128,31016,16000,20814,9349,23853,42235,4861,CON
West Sussex,882700,44500,49900,51600,45000,40900,47800,54100,54600,54900,57200,62800,62800,55100,48900,53300,40400,28500,18300,11900,443,454000,428700,46,9,11,1,3,0,70,727120,114595,76671,110257,39274,127535,238010,20778,CON
Wigan,329300,17800,19300,19800,17400,17100,20800,22900,21700,19600,21400,25000,23200,19700,16900,18300,13500,8500,4300,2100,1750,166300,163000,7,61,0,0,7,0,75,268694,56571,28257,41466,18997,47383,69357,6663,LAB
Wiltshire,510400,25600,29500,30300,27300,24200,28600,31000,30600,29600,33400,37600,38000,33100,28800,29900,22400,15300,9600,5600,157,258600,251700,60,3,28,0,7,0,98,419114,60409,42756,62668,23327,76544,143201,10209,CON
Windsor and Maidenhead,153500,8000,9200,10500,9000,6800,8000,9300,10400,11200,11500,11700,10800,8800,7200,7300,5600,4000,2600,1600,781,78100,75400,22,0,10,0,9,0,41,123675,15552,10077,15918,5060,18341,55603,3124,CON
Wirral,320200,16300,18800,19200,17000,15100,17900,19800,19200,18400,19800,23000,23900,21500,18900,19100,13400,9700,5900,3400,1990,165100,155100,23,26,6,9,1,1,66,262112,46894,25282,38576,15663,46887,82451,6359,NOC
Wokingham,177500,9900,12200,12500,10100,8200,9400,10700,12500,13900,13300,12600,11900,9800,7800,8000,6100,4300,2800,1500,992,90300,87200,26,3,23,0,2,0,54,140821,14671,11396,17773,5746,22992,65047,3196,NOC
Wolverhampton,263700,16300,17700,18000,15400,15800,17100,18900,18400,17400,17000,18100,16400,14100,11800,10800,8100,6300,4000,2300,3798,134300,129400,16,44,0,0,0,0,60,208441,52803,22947,28741,10241,31391,54712,7606,LAB
Worcester,103900,5300,5800,6000,6300,7500,7100,7400,6900,6500,6700,7400,7100,5700,5000,4900,3600,2500,1600,800,3122,53000,50900,15,12,2,6,0,0,35,85607,14869,7892,11506,4558,15703,28872,2207,NOC
Worcestershire,603600,29600,33300,34600,31900,29900,33500,36500,35400,35300,38300,44500,44300,38500,35600,37500,28200,19000,11300,6400,347,307900,295800,44,4,4,3,2,0,57,499359,89931,49570,71333,28778,84863,161401,13483,CON
Worthing,111400,5400,6100,6300,5400,5200,6200,7100,7000,7100,7600,8200,7900,6700,5800,6600,4900,3600,2300,1700,3425,57500,53900,12,23,1,0,1,0,37,92355,14977,9868,14057,5009,16416,29318,2710,LAB
Wychavon,132500,6200,6900,7100,6500,5700,6900,7600,7400,7400,8400,10100,10300,9000,8400,9000,6700,4600,2600,1600,200,67500,65000,35,0,6,3,1,0,45,110717,19535,11321,15311,6464,18393,36591,3102,CON
Wyre,111900,4900,5600,6000,5700,4800,5500,5800,5800,5500,6400,8000,8800,8400,7600,8400,6300,4600,2700,1500,397,57500,54400,36,8,0,0,6,0,50,94351,18693,9497,13859,6726,16519,26682,2375,CON
Wyre Forest,101600,4800,5500,5600,5000,4700,5400,5900,5600,5500,6400,7700,7500,6400,6300,7200,5600,3500,2000,1000,520,51800,49800,14,2,3,1,13,0,33,84563,18419,9053,12683,5610,14402,22057,2339,NOC
York,202800,8600,9900,10300,15200,20400,13000,12900,12500,11900,11900,13300,13000,11300,9800,10500,7500,5500,3400,2000,746,105300,97500,2,17,21,3,4,0,47,172083,22953,12802,19552,9032,37410,66749,3585,NOC
